element,sp_num,obs_wl_air(nm),unc_obs_wl,ritz_wl_air(nm),unc_ritz_wl,intens,Aki(s^-1),Acc,Ei(eV),Ek(eV),conf_i,term_i,J_i,conf_k,term_k,J_k,Type,tp_ref,line_ref,
Na,3,"=""200.4215""","=""0.0005""","=""200.4214""","=""0.0011""","=""10""","=""2.07e+08""",B+,"=""51.690167""","=""57.874340""","=""2s2.2p4.(3P).3p""","=""2S*""","=""1/2""","=""2s2.2p4.(3P).3d""","=""2P""","=""3/2""",,"=""c51,T7317""","=""L1882""",
Na,3,"=""200.5217""","=""0.0005""","=""200.5216""","=""0.0011""","=""11""","=""9.67e+07""",B,"=""45.570413""","=""51.751498""","=""2s2.2p4.(3P).3s""","=""4P""","=""1/2""","=""2s2.2p4.(3P).3p""","=""4S*""","=""3/2""",,"=""c51,T7317""","=""L1882""",
Na,3,"=""200.5546""","=""0.0005""","=""200.5548""","=""0.0011""","=""9""","=""1.50e+08""",B+,"=""51.474802""","=""57.654863""","=""2s2.2p4.(3P).3p""","=""2D*""","=""3/2""","=""2s2.2p4.(3P).3d""","=""2D""","=""3/2""",,"=""c51,T7317""","=""L1882""",
Na,3,"=""200.8470""","=""0.0005""","=""200.8468""","=""0.0011""","=""11""","=""1.45e+08""",D,"=""51.474802""","=""57.645879""","=""2s2.2p4.(3P).3p""","=""2D*""","=""3/2""","=""2s2.2p4.(3P).3d""","=""4P""","=""5/2""",,"=""c51,T7317""","=""L1882""",
Na,3,"=""201.1865""","=""0.0005""","=""201.1865""","=""0.0011""","=""15""","=""6.37e+08""",B+,"=""51.364403""","=""57.525063""","=""2s2.2p4.(3P).3p""","=""2D*""","=""5/2""","=""2s2.2p4.(3P).3d""","=""2F""","=""7/2""",,"=""c51,T7317""","=""L1882""",
Na,3,"=""201.4169""","=""0.0005""","=""201.4169""","=""0.0011""","=""11""","=""4.88e+08""",A,"=""55.271848""","=""61.425460""","=""2s2.2p4.(1D).3p""","=""2D*""","=""3/2""","=""2s2.2p4.(1D).3d""","=""2F""","=""5/2""",,"=""c51,T7317""","=""L1882""",
Na,3,"=""201.7024""","=""0.0005""","=""201.7024""","=""0.0012""","=""12""","=""5.44e+08""",A,"=""55.281231""","=""61.426136""","=""2s2.2p4.(1D).3p""","=""2D*""","=""5/2""","=""2s2.2p4.(1D).3d""","=""2F""","=""7/2""",,"=""c51,T7317""","=""L1882""",
Na,3,"=""201.723""","=""0.0010""","=""201.7246""","=""0.0012""","=""1""","=""4.31e+07""",B,"=""55.281231""","=""61.425460""","=""2s2.2p4.(1D).3p""","=""2D*""","=""5/2""","=""2s2.2p4.(1D).3d""","=""2F""","=""5/2""",,"=""c51,T7317""","=""L1882""",
Na,4,"=""201.8137""","=""0.0010""","=""201.81""","=""0.06""","=""5""","=""3.45e+08""",B,"=""60.3369""","=""66.4785""","=""2s2.2p3.(4S*).3s""","=""3S*""","=""1""","=""2s2.2p3.(4S*).3p""","=""3P""","=""0""",,"=""T7663c11""","=""L3834""",
Na,4,"=""201.8384""","=""0.0010""","=""201.84""","=""0.06""","=""10""","=""3.44e+08""",B+,"=""60.3369""","=""66.4777""","=""2s2.2p3.(4S*).3s""","=""3S*""","=""1""","=""2s2.2p3.(4S*).3p""","=""3P""","=""2""",,"=""T7663c11""","=""L3834""",
Na,4,"=""201.9188""","=""0.0010""","=""201.92""","=""0.06""","=""9""","=""3.44e+08""",B,"=""60.3369""","=""66.4753""","=""2s2.2p3.(4S*).3s""","=""3S*""","=""1""","=""2s2.2p3.(4S*).3p""","=""3P""","=""1""",,"=""T7663c11""","=""L3834""",
Na,3,"=""202.2295""","=""0.0005""","=""202.2298""","=""0.0012""","=""9""","=""4.62e+07""",B,"=""50.954646""","=""57.083528""","=""2s2.2p4.(3P).3p""","=""4D*""","=""7/2""","=""2s2.2p4.(3P).3d""","=""4D""","=""5/2""",,"=""c51,T7317""","=""L1882""",
Na,3,"=""202.3225""","=""0.0005""","=""202.3228""","=""0.0012""","=""6""","=""3.29e+07""",C+,"=""51.364403""","=""57.490469""","=""2s2.2p4.(3P).3p""","=""2D*""","=""5/2""","=""2s2.2p4.(3P).3d""","=""4F""","=""5/2""",,"=""c51,T7317""","=""L1882""",
Na,3,"=""202.8553""","=""0.0005""","=""202.8557""","=""0.0012""","=""12""","=""1.93e+08""",B+,"=""50.954646""","=""57.064621""","=""2s2.2p4.(3P).3p""","=""4D*""","=""7/2""","=""2s2.2p4.(3P).3d""","=""4D""","=""7/2""",,"=""c51,T7317""","=""L1882""",
Na,3,"=""203.1128""","=""0.0005""","=""203.1128""","=""0.0012""","=""12""","=""3.08e+08""",C+,"=""51.474802""","=""57.577043""","=""2s2.2p4.(3P).3p""","=""2D*""","=""3/2""","=""2s2.2p4.(3P).3d""","=""2F""","=""5/2""",,"=""c51,T7317""","=""L1882""",
Na,3,"=""203.5897""","=""0.0005""","=""203.5898""","=""0.0012""","=""11""","=""6.23e+08""",B+,"=""51.690167""","=""57.778113""","=""2s2.2p4.(3P).3p""","=""2S*""","=""1/2""","=""2s2.2p4.(3P).3d""","=""2P""","=""1/2""",,"=""c51,T7317""","=""L1882""",
Na,3,"=""203.7776""","=""0.0005""","=""203.7780""","=""0.0012""","=""8""","=""6.73e+07""",B,"=""51.024008""","=""57.106331""","=""2s2.2p4.(3P).3p""","=""4D*""","=""5/2""","=""2s2.2p4.(3P).3d""","=""4D""","=""3/2""",,"=""c51,T7317""","=""L1882""",
Na,3,"=""204.1661""","=""0.0005""","=""204.1665""","=""0.0012""","=""12""","=""1.64e+08""",B,"=""51.364403""","=""57.435154""","=""2s2.2p4.(3P).3p""","=""2D*""","=""5/2""","=""2s2.2p4.(3P).3d""","=""4F""","=""7/2""",,"=""c51,T7317""","=""L1882""",
Na,3,"=""204.3290""","=""0.0005""","=""204.3289""","=""0.0012""","=""12""","=""4.02e+08""",B+,"=""49.492299""","=""55.558226""","=""2s2.2p4.(1D).3s""","=""2D""","=""3/2""","=""2s2.2p4.(1D).3p""","=""2P*""","=""1/2""",,"=""c51,T7317""","=""L1882""",
Na,3,"=""204.4823""","=""0.0005""","=""204.4821""","=""0.0012""","=""10""","=""4.00e+08""",B+,"=""55.271848""","=""61.333230""","=""2s2.2p4.(1D).3p""","=""2D*""","=""3/2""","=""2s2.2p4.(1D).3d""","=""2D""","=""3/2""",,"=""c51,T7317""","=""L1882""",
Na,3,"=""204.5443""","=""0.0005""","=""204.5450""","=""0.0012""","=""10""","=""1.05e+08""",B+,"=""51.024008""","=""57.083528""","=""2s2.2p4.(3P).3p""","=""4D*""","=""5/2""","=""2s2.2p4.(3P).3d""","=""4D""","=""5/2""",,"=""c51,T7317""","=""L1882""",
Na,3,"=""204.797""","=""0.0010""","=""204.7992""","=""0.0012""","=""1""","=""4.69e+07""",B,"=""55.281231""","=""61.333230""","=""2s2.2p4.(1D).3p""","=""2D*""","=""5/2""","=""2s2.2p4.(1D).3d""","=""2D""","=""3/2""",,"=""c51,T7317""","=""L1882""",
Na,3,"=""204.8313""","=""0.0005""","=""204.8305""","=""0.0012""","=""6""","=""6.54e+07""",B+,"=""55.271848""","=""61.322923""","=""2s2.2p4.(1D).3p""","=""2D*""","=""3/2""","=""2s2.2p4.(1D).3d""","=""2D""","=""5/2""",,"=""c51,T7317""","=""L1882""",
Na,3,"=""204.8719""","=""0.0005""","=""204.8725""","=""0.0012""","=""7""","=""8.11e+07""",B,"=""51.075511""","=""57.125345""","=""2s2.2p4.(3P).3p""","=""4D*""","=""3/2""","=""2s2.2p4.(3P).3d""","=""4D""","=""1/2""",,"=""c51,T7317""","=""L1882""",
Na,3,"=""205.1484""","=""0.0005""","=""205.1486""","=""0.0012""","=""11""","=""4.36e+08""",A,"=""55.281231""","=""61.322923""","=""2s2.2p4.(1D).3p""","=""2D*""","=""5/2""","=""2s2.2p4.(1D).3d""","=""2D""","=""5/2""",,"=""c51,T7317""","=""L1882""",
Na,3,"=""205.1845""","=""0.0005""","=""205.1853""","=""0.0012""","=""5""","=""1.37e+07""",B,"=""51.024008""","=""57.064621""","=""2s2.2p4.(3P).3p""","=""4D*""","=""5/2""","=""2s2.2p4.(3P).3d""","=""4D""","=""7/2""",,"=""c51,T7317""","=""L1882""",
Na,3,"=""205.5183""","=""0.0005""","=""205.5185""","=""0.0012""","=""9""","=""6.39e+07""",B,"=""51.075511""","=""57.106331""","=""2s2.2p4.(3P).3p""","=""4D*""","=""3/2""","=""2s2.2p4.(3P).3d""","=""4D""","=""3/2""",,"=""c51,T7317""","=""L1882""",
Na,3,"=""205.873""","=""0.0010""","=""205.8755""","=""0.0012""","=""4""","=""6.95e+07""",B,"=""51.104980""","=""57.125345""","=""2s2.2p4.(3P).3p""","=""4D*""","=""1/2""","=""2s2.2p4.(3P).3d""","=""4D""","=""1/2""",,"=""c51,T7317""","=""L1882""",
Na,3,"=""206.0360""","=""0.0005""","=""206.0363""","=""0.0012""","=""10""","=""8.12e+07""",B,"=""51.474802""","=""57.490469""","=""2s2.2p4.(3P).3p""","=""2D*""","=""3/2""","=""2s2.2p4.(3P).3d""","=""4F""","=""5/2""",,"=""c51,T7317""","=""L1882""",
Na,3,"=""206.2990""","=""0.0005""","=""206.2987""","=""0.0012""","=""5""","=""2.21e+07""",B,"=""51.075511""","=""57.083528""","=""2s2.2p4.(3P).3p""","=""4D*""","=""3/2""","=""2s2.2p4.(3P).3d""","=""4D""","=""5/2""",,"=""c51,T7317""","=""L1882""",
Na,3,"=""206.5282""","=""0.0005""","=""206.5278""","=""0.0012""","=""4""","=""2.58e+07""",B,"=""51.104980""","=""57.106331""","=""2s2.2p4.(3P).3p""","=""4D*""","=""1/2""","=""2s2.2p4.(3P).3d""","=""4D""","=""3/2""",,"=""c51,T7317""","=""L1882""",
Na,3,"=""206.6601""","=""0.0005""","=""206.6598""","=""0.0012""","=""15""","=""3.72e+08""",B+,"=""49.491356""","=""55.488875""","=""2s2.2p4.(1D).3s""","=""2D""","=""5/2""","=""2s2.2p4.(1D).3p""","=""2P*""","=""3/2""",,"=""c51,T7317""","=""L1882""",
Na,3,"=""206.6905""","=""0.0005""","=""206.6923""","=""0.0012""","=""8""","=""1.57e+07""",C+,"=""49.492299""","=""55.488875""","=""2s2.2p4.(1D).3s""","=""2D""","=""3/2""","=""2s2.2p4.(1D).3p""","=""2P*""","=""3/2""",,"=""c51,T7317""","=""L1882""",
Na,3,"=""207.2673""","=""0.0005""","=""207.2673""","=""0.0012""","=""11""","=""3.52e+08""",B+,"=""51.894397""","=""57.874340""","=""2s2.2p4.(3P).3p""","=""2P*""","=""1/2""","=""2s2.2p4.(3P).3d""","=""2P""","=""3/2""",,"=""c51,T7317""","=""L1882""",
Na,3,"=""209.4808""","=""0.0005""","=""209.4805""","=""0.0012""","=""4""","=""3.09e+07""",C+,"=""51.690167""","=""57.606938""","=""2s2.2p4.(3P).3p""","=""2S*""","=""1/2""","=""2s2.2p4.(3P).3d""","=""4P""","=""3/2""",,"=""c51,T7317""","=""L1882""",
Na,3,"=""209.9563""","=""0.0005""","=""209.9563""","=""0.0012""","=""6""","=""8.62e+07""",B,"=""51.751498""","=""57.654863""","=""2s2.2p4.(3P).3p""","=""4S*""","=""3/2""","=""2s2.2p4.(3P).3d""","=""2D""","=""3/2""",,"=""c51,T7317""","=""L1882""",
Na,3,"=""210.0443""","=""0.0005""","=""210.0420""","=""0.0012""","=""3""","=""7.41e+07""",B,"=""51.877158""","=""57.778113""","=""2s2.2p4.(3P).3p""","=""2P*""","=""3/2""","=""2s2.2p4.(3P).3d""","=""2P""","=""1/2""",,"=""c51,T7317""","=""L1882""",
Na,3,"=""210.2762""","=""0.0005""","=""210.2763""","=""0.0013""","=""12""","=""2.31e+08""",B+,"=""51.751498""","=""57.645879""","=""2s2.2p4.(3P).3p""","=""4S*""","=""3/2""","=""2s2.2p4.(3P).3d""","=""4P""","=""5/2""",,"=""c51,T7317""","=""L1882""",
Na,4,"=""210.6327""","=""0.0010""","=""210.63""","=""0.06""","=""12bl""","=""2.72e+08""",B+,"=""65.1022""","=""70.9867""","=""2s2.2p3.(2D*).3s""","=""3D*""","=""3""","=""2s2.2p3.(2D*).3p""","=""3D""","=""3""",,"=""T7663c11""","=""L3834""",
Na,3,"=""210.927""","=""0.0010""","=""210.9279""","=""0.0013""","=""1""","=""3.97e+07""",B,"=""55.271848""","=""61.148022""","=""2s2.2p4.(1D).3p""","=""2D*""","=""3/2""","=""2s2.2p4.(1D).3d""","=""2P""","=""3/2""",,"=""c51,T7317""","=""L1882""",
Na,3,"=""211.2650""","=""0.0005""","=""211.2653""","=""0.0013""","=""7""","=""1.54e+08""",B+,"=""55.281231""","=""61.148022""","=""2s2.2p4.(1D).3p""","=""2D*""","=""5/2""","=""2s2.2p4.(1D).3d""","=""2P""","=""3/2""",,"=""c51,T7317""","=""L1882""",
Na,4,"=""211.3099""","=""0.0010""","=""211.31""","=""0.06""","=""4""","=""4.70e+07""",C+,"=""65.1022""","=""70.9678""","=""2s2.2p3.(2D*).3s""","=""3D*""","=""3""","=""2s2.2p3.(2D*).3p""","=""3D""","=""2""",,"=""T7663c11""","=""L3834""",
Na,4,"=""211.4533""","=""0.0010""","=""211.45""","=""0.06""","=""10""","=""2.10e+08""",B,"=""65.1062""","=""70.9678""","=""2s2.2p3.(2D*).3s""","=""3D*""","=""2""","=""2s2.2p3.(2D*).3p""","=""3D""","=""2""",,"=""T7663c11""","=""L3834""",
Na,4,"=""211.513""","=""0.0010""","=""211.52""","=""0.06""","=""3""","=""7.03e+07""",C+,"=""65.1062""","=""70.9660""","=""2s2.2p3.(2D*).3s""","=""3D*""","=""2""","=""2s2.2p3.(2D*).3p""","=""3D""","=""1""",,"=""T7663c11""","=""L3834""",
Na,4,"=""211.6158""","=""0.0010""","=""211.62""","=""0.06""","=""7bl""","=""2.04e+08""",B,"=""65.1089""","=""70.9660""","=""2s2.2p3.(2D*).3s""","=""3D*""","=""1""","=""2s2.2p3.(2D*).3p""","=""3D""","=""1""",,"=""T7663c11""","=""L3834""",
Na,3,"=""211.6750""","=""0.0005""","=""211.6749""","=""0.0013""","=""12""","=""3.03e+08""",B+,"=""51.751498""","=""57.606938""","=""2s2.2p4.(3P).3p""","=""4S*""","=""3/2""","=""2s2.2p4.(3P).3d""","=""4P""","=""3/2""",,"=""c51,T7317""","=""L1882""",
Na,3,"=""212.073""","=""0.0010""","=""212.0765""","=""0.0013""","=""4bl""","=""6.44e+07""",B,"=""55.488875""","=""61.333230""","=""2s2.2p4.(1D).3p""","=""2P*""","=""3/2""","=""2s2.2p4.(1D).3d""","=""2D""","=""3/2""",,"=""c51,T7317""","=""L1882""",
Na,3,"=""212.4510""","=""0.0005""","=""212.4512""","=""0.0013""","=""10""","=""1.86e+08""",B+,"=""55.488875""","=""61.322923""","=""2s2.2p4.(1D).3p""","=""2P*""","=""3/2""","=""2s2.2p4.(1D).3d""","=""2D""","=""5/2""",,"=""c51,T7317""","=""L1882""",
Na,4,"=""212.4875""","=""0.0010""","=""212.49""","=""0.06""","=""4""","=""2.34e+08""",B,"=""73.9664""","=""79.7994""","=""2s2.2p3.(2D*).3p""","=""1D""","=""2""","=""2s2.2p3.(2D*).3d""","=""1D*""","=""2""",,"=""T7663c11""","=""L3834""",
Na,3,"=""212.663""","=""0.0010""","=""212.6627""","=""0.0013""","=""11""","=""3.71e+08""",B+,"=""51.751498""","=""57.579742""","=""2s2.2p4.(3P).3p""","=""4S*""","=""3/2""","=""2s2.2p4.(3P).3d""","=""4P""","=""1/2""",,"=""c51,T7317""","=""L1882""",
Na,3,"=""214.0723""","=""0.0005""","=""214.0722""","=""0.0013""","=""15""","=""3.80e+08""",A,"=""49.491356""","=""55.281231""","=""2s2.2p4.(1D).3s""","=""2D""","=""5/2""","=""2s2.2p4.(1D).3p""","=""2D*""","=""5/2""",,"=""c51,T7317""","=""L1882""",
Na,3,"=""214.1068""","=""0.0005""","=""214.1071""","=""0.0013""","=""9""","=""3.11e+07""",B,"=""49.492299""","=""55.281231""","=""2s2.2p4.(1D).3s""","=""2D""","=""3/2""","=""2s2.2p4.(1D).3p""","=""2D*""","=""5/2""",,"=""c51,T7317""","=""L1882""",
Na,3,"=""214.4202""","=""0.0005""","=""214.4197""","=""0.0013""","=""7""","=""1.98e+07""",C+,"=""49.491356""","=""55.271848""","=""2s2.2p4.(1D).3s""","=""2D""","=""5/2""","=""2s2.2p4.(1D).3p""","=""2D*""","=""3/2""",,"=""c51,T7317""","=""L1882""",
Na,3,"=""214.4542""","=""0.0005""","=""214.4547""","=""0.0013""","=""14""","=""3.88e+08""",B+,"=""49.492299""","=""55.271848""","=""2s2.2p4.(1D).3s""","=""2D""","=""3/2""","=""2s2.2p4.(1D).3p""","=""2D*""","=""3/2""",,"=""c51,T7317""","=""L1882""",
Na,3,"=""214.5231""","=""0.0005""","=""214.5232""","=""0.0013""","=""9""","=""8.27e+07""",B,"=""51.877158""","=""57.654863""","=""2s2.2p4.(3P).3p""","=""2P*""","=""3/2""","=""2s2.2p4.(3P).3d""","=""2D""","=""3/2""",,"=""c51,T7317""","=""L1882""",
Na,3,"=""214.6234""","=""0.0005""","=""214.6235""","=""0.0013""","=""9""","=""1.68e+08""",B+,"=""55.558226""","=""61.333230""","=""2s2.2p4.(1D).3p""","=""2P*""","=""1/2""","=""2s2.2p4.(1D).3d""","=""2D""","=""3/2""",,"=""c51,T7317""","=""L1882""",
Na,3,"=""214.8574""","=""0.0005""","=""214.8573""","=""0.0013""","=""12""","=""1.54e+08""",C,"=""51.877158""","=""57.645879""","=""2s2.2p4.(3P).3p""","=""2P*""","=""3/2""","=""2s2.2p4.(3P).3d""","=""4P""","=""5/2""",,"=""c51,T7317""","=""L1882""",
Na,3,"=""215.1653""","=""0.0005""","=""215.1653""","=""0.0013""","=""10""","=""1.34e+08""",B+,"=""51.894397""","=""57.654863""","=""2s2.2p4.(3P).3p""","=""2P*""","=""1/2""","=""2s2.2p4.(3P).3d""","=""2D""","=""3/2""",,"=""c51,T7317""","=""L1882""",
Na,4,"=""215.5762""","=""0.0010""","=""215.58""","=""0.07""","=""10""","=""2.97e+08""",B+,"=""65.8864""","=""71.6359""","=""2s2.2p3.(2D*).3s""","=""1D*""","=""2""","=""2s2.2p3.(2D*).3p""","=""1F""","=""3""",,"=""T7663c11""","=""L3834""",
Na,3,"=""215.9082""","=""0.0005""","=""215.9089""","=""0.0013""","=""9""","=""3.11e+08""",B+,"=""55.488875""","=""61.229502""","=""2s2.2p4.(1D).3p""","=""2P*""","=""3/2""","=""2s2.2p4.(1D).3d""","=""2S""","=""1/2""",,"=""c51,T7317""","=""L1882""",
Na,3,"=""216.3178""","=""0.0005""","=""216.3177""","=""0.0013""","=""5""","=""2.37e+07""",C+,"=""51.877158""","=""57.606938""","=""2s2.2p4.(3P).3p""","=""2P*""","=""3/2""","=""2s2.2p4.(3P).3d""","=""4P""","=""3/2""",,"=""c51,T7317""","=""L1882""",
Na,3,"=""216.9702""","=""0.0005""","=""216.9706""","=""0.0013""","=""4""","=""1.81e+07""",C,"=""51.894397""","=""57.606938""","=""2s2.2p4.(3P).3p""","=""2P*""","=""1/2""","=""2s2.2p4.(3P).3d""","=""4P""","=""3/2""",,"=""c51,T7317""","=""L1882""",
Na,3,"=""217.453""","=""0.0010""","=""217.4524""","=""0.0013""","=""10bl""","=""1.00e+08""",D+,"=""51.877158""","=""57.577043""","=""2s2.2p4.(3P).3p""","=""2P*""","=""3/2""","=""2s2.2p4.(3P).3d""","=""2F""","=""5/2""",,"=""c51,T7317""","=""L1882""",
Na,3,"=""218.2846""","=""0.0005""","=""218.2848""","=""0.0013""","=""9""","=""1.14e+07""",B+,"=""45.397361""","=""51.075511""","=""2s2.2p4.(3P).3s""","=""4P""","=""5/2""","=""2s2.2p4.(3P).3p""","=""4D*""","=""3/2""",,"=""c51,T7317""","=""L1882""",
Na,3,"=""218.5300""","=""0.0005""","=""218.5299""","=""0.0014""","=""8""","=""2.06e+08""",B+,"=""55.488875""","=""61.160659""","=""2s2.2p4.(1D).3p""","=""2P*""","=""3/2""","=""2s2.2p4.(1D).3d""","=""2P""","=""1/2""",,"=""c51,T7317""","=""L1882""",
Na,3,"=""218.5498""","=""0.0005""","=""218.5494""","=""0.0014""","=""8""","=""2.02e+08""",B+,"=""55.558226""","=""61.229502""","=""2s2.2p4.(1D).3p""","=""2P*""","=""1/2""","=""2s2.2p4.(1D).3d""","=""2S""","=""1/2""",,"=""c51,T7317""","=""L1882""",
Na,3,"=""218.942""","=""0.0010""","=""218.9432""","=""0.0014""","=""1""","=""9.47e+06""",C,"=""51.877158""","=""57.538235""","=""2s2.2p4.(3P).3p""","=""2P*""","=""3/2""","=""2s2.2p4.(3P).3d""","=""4F""","=""3/2""",,"=""c51,T7317""","=""L1882""",
Na,3,"=""219.0185""","=""0.0005""","=""219.0179""","=""0.0014""","=""11""","=""3.28e+08""",B+,"=""55.488875""","=""61.148022""","=""2s2.2p4.(1D).3p""","=""2P*""","=""3/2""","=""2s2.2p4.(1D).3d""","=""2P""","=""3/2""",,"=""c51,T7317""","=""L1882""",
Na,3,"=""219.611""","=""0.0010""","=""219.6121""","=""0.0014""","=""3""","=""1.67e+07""",C+,"=""51.894397""","=""57.538235""","=""2s2.2p4.(3P).3p""","=""2P*""","=""1/2""","=""2s2.2p4.(3P).3d""","=""4F""","=""3/2""",,"=""c51,T7317""","=""L1882""",
Na,3,"=""220.2831""","=""0.0005""","=""220.2831""","=""0.0014""","=""15""","=""8.53e+07""",A,"=""45.397361""","=""51.024008""","=""2s2.2p4.(3P).3s""","=""4P""","=""5/2""","=""2s2.2p4.(3P).3p""","=""4D*""","=""5/2""",,"=""c51,T7317""","=""L1882""",
Na,6,"=""220.459""","=""0.001""","=""220.4""","=""0.7""","=""25""","=""1.63e+08""",B,"=""117.957""","=""123.580""","=""2s.2p2.(4P).3s""","=""3P""","=""2""","=""2s.2p2.(4P).3p""","=""3D*""","=""3""",,"=""T5520c2,LS""","=""L2109""",
Na,3,"=""220.8069""","=""0.0005""","=""220.8065""","=""0.0014""","=""8""","=""2.63e+07""",C+,"=""51.877158""","=""57.490469""","=""2s2.2p4.(3P).3p""","=""2P*""","=""3/2""","=""2s2.2p4.(3P).3d""","=""4F""","=""5/2""",,"=""c51,T7317""","=""L1882""",
Na,3,"=""221.2352""","=""0.0005""","=""221.2353""","=""0.0014""","=""9""","=""2.42e+08""",B+,"=""55.558226""","=""61.160659""","=""2s2.2p4.(1D).3p""","=""2P*""","=""1/2""","=""2s2.2p4.(1D).3d""","=""2P""","=""1/2""",,"=""c51,T7317""","=""L1882""",
Na,3,"=""221.4208""","=""0.0005""","=""221.4208""","=""0.0014""","=""10""","=""5.14e+07""",B+,"=""45.507242""","=""51.104980""","=""2s2.2p4.(3P).3s""","=""4P""","=""3/2""","=""2s2.2p4.(3P).3p""","=""4D*""","=""1/2""",,"=""c51,T7317""","=""L1882""",
Na,3,"=""221.734""","=""0.0010""","=""221.7354""","=""0.0014""","=""6""","=""6.86e+07""",B,"=""55.558226""","=""61.148022""","=""2s2.2p4.(1D).3p""","=""2P*""","=""1/2""","=""2s2.2p4.(1D).3d""","=""2P""","=""3/2""",,"=""c51,T7317""","=""L1882""",
Na,3,"=""222.5280""","=""0.0005""","=""222.5279""","=""0.0014""","=""5""","=""1.09e+07""",C,"=""46.324504""","=""51.894397""","=""2s2.2p4.(3P).3s""","=""2P""","=""3/2""","=""2s2.2p4.(3P).3p""","=""2P*""","=""1/2""",,"=""c51,T7317""","=""L1882""",
Na,3,"=""222.5927""","=""0.0005""","=""222.5928""","=""0.0014""","=""15""","=""1.82e+08""",A,"=""45.507242""","=""51.075511""","=""2s2.2p4.(3P).3s""","=""4P""","=""3/2""","=""2s2.2p4.(3P).3p""","=""4D*""","=""3/2""",,"=""c51,T7317""","=""L1882""",
Na,3,"=""223.0328""","=""0.0005""","=""223.0328""","=""0.0014""","=""30""","=""3.64e+08""",A,"=""45.397361""","=""50.954646""","=""2s2.2p4.(3P).3s""","=""4P""","=""5/2""","=""2s2.2p4.(3P).3p""","=""4D*""","=""7/2""",,"=""c51,T7317""","=""L1882""",
Na,3,"=""223.2187""","=""0.0005""","=""223.2188""","=""0.0014""","=""16""","=""2.34e+08""",B+,"=""46.324504""","=""51.877158""","=""2s2.2p4.(3P).3s""","=""2P""","=""3/2""","=""2s2.2p4.(3P).3p""","=""2P*""","=""3/2""",,"=""c51,T7317""","=""L1882""",
Na,3,"=""223.9484""","=""0.0005""","=""223.9484""","=""0.0014""","=""13""","=""3.09e+08""",A,"=""45.570413""","=""51.104980""","=""2s2.2p4.(3P).3s""","=""4P""","=""1/2""","=""2s2.2p4.(3P).3p""","=""4D*""","=""1/2""",,"=""c51,T7317""","=""L1882""",
Na,3,"=""224.6706""","=""0.0005""","=""224.6710""","=""0.0014""","=""20w""","=""2.72e+08""",A,"=""45.507242""","=""51.024008""","=""2s2.2p4.(3P).3s""","=""4P""","=""3/2""","=""2s2.2p4.(3P).3p""","=""4D*""","=""5/2""",,"=""c51,T7317""","=""L1882""",
Na,3,"=""225.1474""","=""0.0005""","=""225.1473""","=""0.0014""","=""14""","=""1.66e+08""",A,"=""45.570413""","=""51.075511""","=""2s2.2p4.(3P).3s""","=""4P""","=""1/2""","=""2s2.2p4.(3P).3p""","=""4D*""","=""3/2""",,"=""c51,T7317""","=""L1882""",
Na,3,"=""227.8413""","=""0.0005""","=""227.8414""","=""0.0015""","=""15""","=""2.98e+08""",B+,"=""46.454388""","=""51.894397""","=""2s2.2p4.(3P).3s""","=""2P""","=""1/2""","=""2s2.2p4.(3P).3p""","=""2P*""","=""1/2""",,"=""c51,T7317""","=""L1882""",
Na,3,"=""227.9482""","=""0.0005""","=""227.9482""","=""0.0013""","=""12""","=""3.40e+08""",B+,"=""53.936598""","=""59.374058""","=""2s2.2p4.(1S).3s""","=""2S""","=""1/2""","=""2s2.2p4.(1S).3p""","=""2P*""","=""3/2""",,"=""c51,T7317""","=""L1882""",
Na,3,"=""228.1620""","=""0.0005""","=""228.1620""","=""0.0013""","=""10""","=""3.39e+08""",B+,"=""53.936598""","=""59.368964""","=""2s2.2p4.(1S).3s""","=""2S""","=""1/2""","=""2s2.2p4.(1S).3p""","=""2P*""","=""1/2""",,"=""c51,T7317""","=""L1882""",
Na,3,"=""228.5660""","=""0.0005""","=""228.5658""","=""0.0015""","=""13""","=""7.73e+07""",B+,"=""46.454388""","=""51.877158""","=""2s2.2p4.(3P).3s""","=""2P""","=""1/2""","=""2s2.2p4.(3P).3p""","=""2P*""","=""3/2""",,"=""c51,T7317""","=""L1882""",
Na,3,"=""230.9988""","=""0.0005""","=""230.9986""","=""0.0015""","=""15""","=""3.08e+08""",B+,"=""46.324504""","=""51.690167""","=""2s2.2p4.(3P).3s""","=""2P""","=""3/2""","=""2s2.2p4.(3P).3p""","=""2S*""","=""1/2""",,"=""c51,T7317""","=""L1882""",
Na,2,"=""231.5647""","=""0.0003""","=""231.5648""","=""0.0008""","=""300""","=""1.05e+07""",C+,"=""32.941315""","=""38.293859""","=""2s2.2p5.3s""","=""3P*""","=""1""","=""2s2.2p5.3p""","=""1S""","=""0""",,"=""c49,T6036""","=""L914""",
Na,3,"=""236.7295""","=""0.0005""","=""236.7295""","=""0.0016""","=""9""","=""1.65e+07""",C+,"=""46.454388""","=""51.690167""","=""2s2.2p4.(3P).3s""","=""2P""","=""1/2""","=""2s2.2p4.(3P).3p""","=""2S*""","=""1/2""",,"=""c51,T7317""","=""L1882""",
Na,3,"=""238.6992""","=""0.0005""","=""238.6992""","=""0.0016""","=""18""","=""3.05e+08""",A,"=""49.491356""","=""54.683934""","=""2s2.2p4.(1D).3s""","=""2D""","=""5/2""","=""2s2.2p4.(1D).3p""","=""2F*""","=""7/2""",,"=""c51,T7317""","=""L1882""",
Na,3,"=""239.3589""","=""0.0005""","=""239.3592""","=""0.0016""","=""9""","=""2.26e+07""",B,"=""49.491356""","=""54.669617""","=""2s2.2p4.(1D).3s""","=""2D""","=""5/2""","=""2s2.2p4.(1D).3p""","=""2F*""","=""5/2""",,"=""c51,T7317""","=""L1882""",
Na,3,"=""239.4032""","=""0.0005""","=""239.4028""","=""0.0016""","=""17""","=""2.80e+08""",A,"=""49.492299""","=""54.669617""","=""2s2.2p4.(1D).3s""","=""2D""","=""3/2""","=""2s2.2p4.(1D).3p""","=""2F*""","=""5/2""",,"=""c51,T7317""","=""L1882""",
Na,3,"=""240.6588""","=""0.0005""","=""240.6588""","=""0.0016""","=""15""","=""7.37e+07""",A,"=""46.324504""","=""51.474802""","=""2s2.2p4.(3P).3s""","=""2P""","=""3/2""","=""2s2.2p4.(3P).3p""","=""2D*""","=""3/2""",,"=""c56,LS""","=""L1882""",
Na,3,"=""245.9306""","=""0.0005""","=""245.9309""","=""0.0017""","=""25""","=""2.80e+08""",A,"=""46.324504""","=""51.364403""","=""2s2.2p4.(3P).3s""","=""2P""","=""3/2""","=""2s2.2p4.(3P).3p""","=""2D*""","=""5/2""",,"=""c56,LS""","=""L1882""",
Na,3,"=""246.8854""","=""0.0005""","=""246.8855""","=""0.0017""","=""18""","=""2.13e+08""",A,"=""46.454388""","=""51.474802""","=""2s2.2p4.(3P).3s""","=""2P""","=""1/2""","=""2s2.2p4.(3P).3p""","=""2D*""","=""3/2""",,"=""c56,LS""","=""L1882""",
Na,3,"=""247.4732""","=""0.0005""","=""247.4731""","=""0.0017""","=""20""","=""1.38e+08""",A,"=""45.397361""","=""50.405854""","=""2s2.2p4.(3P).3s""","=""4P""","=""5/2""","=""2s2.2p4.(3P).3p""","=""4P*""","=""3/2""",,"=""c51,T7317""","=""L1882""",
Na,2,"=""249.3149""","=""0.0003""","=""249.3148""","=""0.0009""","=""1000""","=""4.15e+08""",A,"=""33.322360""","=""38.293859""","=""2s2.2p5.3s""","=""1P*""","=""1""","=""2s2.2p5.3p""","=""1S""","=""0""",,"=""c49,T6036""","=""L914""",
Na,3,"=""249.7022""","=""0.0005""","=""249.7015""","=""0.0018""","=""25""","=""1.99e+08""",A,"=""45.397361""","=""50.361160""","=""2s2.2p4.(3P).3s""","=""4P""","=""5/2""","=""2s2.2p4.(3P).3p""","=""4P*""","=""5/2""",,"=""c51,T7317""","=""L1882""",
Na,2,"=""250.2839""","=""0.0003""","=""250.2838""","=""0.0009""","=""300""","=""1.2e+07""",E,"=""36.354688""","=""41.306940""","=""2s2.2p5.3p""","=""3S""","=""1""","=""2s2.2p5.(2P*<1/2>).3d""","=""2[3/2]*""","=""1""",,"=""T6036c80""","=""L914""",
Na,2,"=""250.6301""","=""0.0003""","=""250.6302""","=""0.0009""","=""450""","=""2.7e+07""",C+,"=""36.354688""","=""41.300096""","=""2s2.2p5.3p""","=""3S""","=""1""","=""2s2.2p5.(2P*<1/2>).4s""","=""2[1/2]*""","=""1""",,"=""T7663""","=""L914""",
Na,3,"=""251.0264""","=""0.0005""","=""251.0264""","=""0.0018""","=""17""","=""2.19e+08""",A,"=""45.507242""","=""50.444845""","=""2s2.2p4.(3P).3s""","=""4P""","=""3/2""","=""2s2.2p4.(3P).3p""","=""4P*""","=""1/2""",,"=""c51,T7317""","=""L1882""",
Na,2,"=""251.5455""","=""0.0003""","=""251.5457""","=""0.0009""","=""600""","=""2.25e+07""",C+,"=""36.354688""","=""41.282097""","=""2s2.2p5.3p""","=""3S""","=""1""","=""2s2.2p5.(2P*<1/2>).3d""","=""2[3/2]*""","=""2""",,"=""T6036""","=""L914""",
Na,2,"=""252.5647""","=""0.0003""","=""252.5649""","=""0.0009""","=""50""","=""2.78e+05""",D,"=""36.354688""","=""41.262215""","=""2s2.2p5.3p""","=""3S""","=""1""","=""2s2.2p5.(2P*<1/2>).3d""","=""2[5/2]*""","=""2""",,"=""T7663""","=""L914""",
Na,3,"=""253.0249""","=""0.0005""","=""253.0246""","=""0.0018""","=""15""","=""3.65e+07""",B+,"=""45.507242""","=""50.405854""","=""2s2.2p4.(3P).3s""","=""4P""","=""3/2""","=""2s2.2p4.(3P).3p""","=""4P*""","=""3/2""",,"=""c51,T7317""","=""L1882""",
Na,2,"=""253.1538""","=""0.0003""","=""253.1540""","=""0.0009""","=""600""","=""8.44e+07""",C+,"=""36.354688""","=""41.250796""","=""2s2.2p5.3p""","=""3S""","=""1""","=""2s2.2p5.(2P*<1/2>).4s""","=""2[1/2]*""","=""0""",,"=""T7663""","=""L914""",
Na,3,"=""254.2791""","=""0.0005""","=""254.2799""","=""0.0018""","=""14""","=""3.39e+07""",B+,"=""45.570413""","=""50.444845""","=""2s2.2p4.(3P).3s""","=""4P""","=""1/2""","=""2s2.2p4.(3P).3p""","=""4P*""","=""1/2""",,"=""c51,T7317""","=""L1882""",
Na,3,"=""255.354""","=""0.0010""","=""255.3546""","=""0.0018""","=""4d""","=""5.52e+07""",A,"=""45.507242""","=""50.361160""","=""2s2.2p4.(3P).3s""","=""4P""","=""3/2""","=""2s2.2p4.(3P).3p""","=""4P*""","=""5/2""",,"=""c51,T7317""","=""L7396""",
Na,3,"=""256.332""","=""0.0010""","=""256.3304""","=""0.0019""","=""4d""","=""7.92e+07""",A,"=""45.570413""","=""50.405854""","=""2s2.2p4.(3P).3s""","=""4P""","=""1/2""","=""2s2.2p4.(3P).3p""","=""4P*""","=""3/2""",,"=""c51,T7317""","=""L7396""",
Na,2,"=""258.6308""","=""0.0003""","=""258.6307""","=""0.0009""","=""550""","=""5.80e+07""",C,"=""36.354688""","=""41.147123""","=""2s2.2p5.3p""","=""3S""","=""1""","=""2s2.2p5.(2P*<3/2>).4s""","=""2[3/2]*""","=""1""",,"=""T7663c79""","=""L914""",
Na,2,"=""259.4958""","=""0.0003""","=""259.4959""","=""0.0010""","=""600""","=""3.71e+07""",B,"=""36.354688""","=""41.131145""","=""2s2.2p5.3p""","=""3S""","=""1""","=""2s2.2p5.(2P*<3/2>).3d""","=""2[3/2]*""","=""1""",,"=""T7663""","=""L914""",
Na,2,"=""260.0325""","=""0.0003""","=""260.0324""","=""0.0010""","=""45""","=""4.9e+05""",E,"=""36.354688""","=""41.121292""","=""2s2.2p5.3p""","=""3S""","=""1""","=""2s2.2p5.(2P*<3/2>).3d""","=""2[5/2]*""","=""2""",,"=""T6036c79""","=""L914""",
Na,2,"=""261.1812""","=""0.0003""","=""261.1811""","=""0.0010""","=""850""","=""2.2e+08""",E,"=""36.354688""","=""41.100329""","=""2s2.2p5.3p""","=""3S""","=""1""","=""2s2.2p5.(2P*<3/2>).4s""","=""2[3/2]*""","=""2""",,"=""T7663c78""","=""L914""",
Na,2,"=""266.0997""","=""0.0003""","=""266.0997""","=""0.0010""","=""850""","=""1.65e+08""",B+,"=""36.354688""","=""41.012615""","=""2s2.2p5.3p""","=""3S""","=""1""","=""2s2.2p5.(2P*<3/2>).3d""","=""2[3/2]*""","=""2""",,"=""T6036""","=""L914""",
Na,2,"=""267.1826""","=""0.0003""","=""267.1829""","=""0.0010""","=""1000""","=""2.64e+08""",B+,"=""36.354688""","=""40.993732""","=""2s2.2p5.3p""","=""3S""","=""1""","=""2s2.2p5.(2P*<3/2>).3d""","=""2[1/2]*""","=""1""",,"=""T6036""","=""L914""",
Na,2,"=""267.8085""","=""0.0003""","=""267.8085""","=""0.0010""","=""850""","=""3.01e+08""",B,"=""36.354688""","=""40.982896""","=""2s2.2p5.3p""","=""3S""","=""1""","=""2s2.2p5.(2P*<3/2>).3d""","=""2[1/2]*""","=""0""",,"=""T6036""","=""L914""",
Na,2,"=""279.9211""","=""0.0003""","=""279.9217""","=""0.0011""","=""80""","=""2.64e+06""",D+,"=""36.854157""","=""41.282097""","=""2s2.2p5.3p""","=""3D""","=""3""","=""2s2.2p5.(2P*<1/2>).3d""","=""2[3/2]*""","=""2""",,"=""T6036""","=""L914""",
Na,2,"=""280.8706""","=""0.0003""","=""280.8705""","=""0.0011""","=""650""","=""1.5e+07""",E,"=""36.854157""","=""41.267140""","=""2s2.2p5.3p""","=""3D""","=""3""","=""2s2.2p5.(2P*<1/2>).3d""","=""2[5/2]*""","=""3""",,"=""T7663c79""","=""L914""",
Na,2,"=""280.9520""","=""0.0003""","=""280.9520""","=""0.0011""","=""850""","=""5.95e+07""",A,"=""32.846429""","=""37.258133""","=""2s2.2p5.3s""","=""3P*""","=""2""","=""2s2.2p5.3p""","=""3P""","=""1""",,"=""T7663""","=""L914""",
Na,2,"=""281.1840""","=""0.0003""","=""281.1843""","=""0.0011""","=""160""","=""1.01e+06""",D+,"=""36.854157""","=""41.262215""","=""2s2.2p5.3p""","=""3D""","=""3""","=""2s2.2p5.(2P*<1/2>).3d""","=""2[5/2]*""","=""2""",,"=""T7663""","=""L914""",
Na,2,"=""281.3900""","=""0.0003""","=""281.3906""","=""0.0011""","=""250""","=""6.9e+06""",E,"=""36.902113""","=""41.306940""","=""2s2.2p5.3p""","=""3D""","=""2""","=""2s2.2p5.(2P*<1/2>).3d""","=""2[3/2]*""","=""1""",,"=""T7663c80""","=""L914""",
Na,2,"=""281.8288""","=""0.0003""","=""281.8285""","=""0.0011""","=""350""","=""1.2e+07""",E,"=""36.902113""","=""41.300096""","=""2s2.2p5.3p""","=""3D""","=""2""","=""2s2.2p5.(2P*<1/2>).4s""","=""2[1/2]*""","=""1""",,"=""T7663c80""","=""L914""",
Na,2,"=""282.9868""","=""0.0003""","=""282.9867""","=""0.0011""","=""600""","=""3.36e+07""",B,"=""36.902113""","=""41.282097""","=""2s2.2p5.3p""","=""3D""","=""2""","=""2s2.2p5.(2P*<1/2>).3d""","=""2[3/2]*""","=""2""",,"=""T6036""","=""L914""",
Na,2,"=""283.9564""","=""0.0003""","=""283.9564""","=""0.0011""","=""800""","=""5.1e+07""",E,"=""36.902113""","=""41.267140""","=""2s2.2p5.3p""","=""3D""","=""2""","=""2s2.2p5.(2P*<1/2>).3d""","=""2[5/2]*""","=""3""",,"=""T7663c79""","=""L914""",
Na,2,"=""284.1724""","=""0.0003""","=""284.1721""","=""0.0011""","=""1000""","=""8.92e+07""",A,"=""32.846429""","=""37.208144""","=""2s2.2p5.3s""","=""3P*""","=""2""","=""2s2.2p5.3p""","=""3P""","=""2""",,"=""T7663""","=""L914""",
Na,2,"=""284.2762""","=""0.0003""","=""284.2772""","=""0.0011""","=""30""","=""5.23e+05""",D,"=""36.902113""","=""41.262215""","=""2s2.2p5.3p""","=""3D""","=""2""","=""2s2.2p5.(2P*<1/2>).3d""","=""2[5/2]*""","=""2""",,"=""T7663""","=""L914""",
Na,1,"=""285.2811""","=""0.0004""","=""285.28110""","=""0.00016""","=""16""","=""5.38e+05""",B+,"=""0.000000000""","=""4.3447597""","=""2p6.3s""","=""2S""","=""1/2""","=""2p6.5p""","=""2P*""","=""3/2""",,"=""c30,T76n""","=""L6096""",
Na,1,"=""285.3013""","=""0.0004""","=""285.30121""","=""0.00016""","=""15""","=""5.31e+05""",B+,"=""0.000000000""","=""4.3444534""","=""2p6.3s""","=""2S""","=""1/2""","=""2p6.5p""","=""2P*""","=""1/2""",,"=""c30,T76n""","=""L6096""",
Na,2,"=""285.6508""","=""0.0003""","=""285.6508""","=""0.0012""","=""650""","=""6.2e+07""",E,"=""36.967803""","=""41.306940""","=""2s2.2p5.3p""","=""3D""","=""1""","=""2s2.2p5.(2P*<1/2>).3d""","=""2[3/2]*""","=""1""",,"=""T7663c80""","=""L914""",
Na,2,"=""285.9488""","=""0.0003""","=""285.9486""","=""0.0012""","=""800""","=""2.19e+07""",B,"=""32.846429""","=""37.181047""","=""2s2.2p5.3s""","=""3P*""","=""2""","=""2s2.2p5.3p""","=""1P""","=""1""",,"=""T7663""","=""L914""",
Na,2,"=""286.1019""","=""0.0003""","=""286.1021""","=""0.0012""","=""350""","=""8.0e+06""",E,"=""36.967803""","=""41.300096""","=""2s2.2p5.3p""","=""3D""","=""1""","=""2s2.2p5.(2P*<1/2>).4s""","=""2[1/2]*""","=""1""",,"=""T7663c80""","=""L914""",
Na,2,"=""287.1275""","=""0.0003""","=""287.1277""","=""0.0012""","=""750""","=""2.75e+07""",B+,"=""32.941315""","=""37.258133""","=""2s2.2p5.3s""","=""3P*""","=""1""","=""2s2.2p5.3p""","=""3P""","=""1""",,"=""T7663""","=""L914""",
Na,2,"=""287.2954""","=""0.0003""","=""287.2957""","=""0.0012""","=""650""","=""2.63e+07""",C+,"=""36.967803""","=""41.282097""","=""2s2.2p5.3p""","=""3D""","=""1""","=""2s2.2p5.(2P*<1/2>).3d""","=""2[3/2]*""","=""2""",,"=""T6036""","=""L914""",
Na,2,"=""288.1146""","=""0.0003""","=""288.1149""","=""0.0012""","=""900""","=""2.50e+08""",A,"=""32.941315""","=""37.243343""","=""2s2.2p5.3s""","=""3P*""","=""1""","=""2s2.2p5.3p""","=""3P""","=""0""",,"=""T7663""","=""L914""",
Na,2,"=""288.6257""","=""0.0003""","=""288.6259""","=""0.0012""","=""850""","=""1.07e+08""",B+,"=""36.967803""","=""41.262215""","=""2s2.2p5.3p""","=""3D""","=""1""","=""2s2.2p5.(2P*<1/2>).3d""","=""2[5/2]*""","=""2""",,"=""T7663""","=""L914""",
Na,2,"=""289.3949""","=""0.0003""","=""289.3954""","=""0.0012""","=""700""","=""1.48e+08""",B,"=""36.967803""","=""41.250796""","=""2s2.2p5.3p""","=""3D""","=""1""","=""2s2.2p5.(2P*<1/2>).4s""","=""2[1/2]*""","=""0""",,"=""T7663""","=""L914""",
Na,2,"=""290.1139""","=""0.0003""","=""290.1143""","=""0.0012""","=""900""","=""1.1e+08""",E,"=""36.854157""","=""41.126538""","=""2s2.2p5.3p""","=""3D""","=""3""","=""2s2.2p5.(2P*<3/2>).3d""","=""2[5/2]*""","=""3""",,"=""T7663c81""","=""L914""",
Na,2,"=""290.4716""","=""0.0003""","=""290.4709""","=""0.0012""","=""800""","=""1.0e+07""",E,"=""36.854157""","=""41.121292""","=""2s2.2p5.3p""","=""3D""","=""3""","=""2s2.2p5.(2P*<3/2>).3d""","=""2[5/2]*""","=""2""",,"=""T6036c79""","=""L914""",
Na,2,"=""290.4915""","=""0.0003""","=""290.4918""","=""0.0012""","=""1100""","=""7.30e+07""",A,"=""32.941315""","=""37.208144""","=""2s2.2p5.3s""","=""3P*""","=""1""","=""2s2.2p5.3p""","=""3P""","=""2""",,"=""T7663""","=""L914""",
Na,2,"=""291.752""","=""0.010""","=""291.7521""","=""0.0012""","=""1100""","=""7.92e+07""",B+,"=""32.846429""","=""37.094827""","=""2s2.2p5.3s""","=""3P*""","=""2""","=""2s2.2p5.3p""","=""1D""","=""2""",,"=""T7663""","=""L914""",
Na,2,"=""291.9049""","=""0.0003""","=""291.9050""","=""0.0012""","=""1100""","=""1.6e+08""",E,"=""36.854157""","=""41.100329""","=""2s2.2p5.3p""","=""3D""","=""3""","=""2s2.2p5.(2P*<3/2>).4s""","=""2[3/2]*""","=""2""",,"=""T7663c78""","=""L914""",
Na,2,"=""291.9850""","=""0.0003""","=""291.9849""","=""0.0012""","=""1200""","=""1.33e+08""",C,"=""36.902113""","=""41.147123""","=""2s2.2p5.3p""","=""3D""","=""2""","=""2s2.2p5.(2P*<3/2>).4s""","=""2[3/2]*""","=""1""",,"=""T7663c79""","=""L914""",
Na,2,"=""292.0945""","=""0.0003""","=""292.0944""","=""0.0012""","=""1300""","=""6.66e+07""",A,"=""33.014713""","=""37.258133""","=""2s2.2p5.3s""","=""3P*""","=""0""","=""2s2.2p5.3p""","=""3P""","=""1""",,"=""T7663""","=""L914""",
Na,2,"=""292.3485""","=""0.0003""","=""292.3484""","=""0.0012""","=""1000""","=""1.41e+07""",B,"=""32.941315""","=""37.181047""","=""2s2.2p5.3s""","=""3P*""","=""1""","=""2s2.2p5.3p""","=""1P""","=""1""",,"=""T7663""","=""L914""",
Na,2,"=""293.0882""","=""0.0003""","=""293.0881""","=""0.0012""","=""750""","=""9.83e+07""",B+,"=""36.902113""","=""41.131145""","=""2s2.2p5.3p""","=""3D""","=""2""","=""2s2.2p5.(2P*<3/2>).3d""","=""2[3/2]*""","=""1""",,"=""T7663""","=""L914""",
Na,2,"=""293.4079""","=""0.0003""","=""293.4078""","=""0.0012""","=""850""","=""2.8e+07""",E,"=""36.902113""","=""41.126538""","=""2s2.2p5.3p""","=""3D""","=""2""","=""2s2.2p5.(2P*<3/2>).3d""","=""2[5/2]*""","=""3""",,"=""T7663c77""","=""L914""",
Na,2,"=""293.7735""","=""0.0003""","=""293.7726""","=""0.0012""","=""950""","=""1.3e+08""",E,"=""36.902113""","=""41.121292""","=""2s2.2p5.3p""","=""3D""","=""2""","=""2s2.2p5.(2P*<3/2>).3d""","=""2[5/2]*""","=""2""",,"=""T6036c79""","=""L914""",
Na,2,"=""294.2657""","=""0.0003""","=""294.2655""","=""0.0012""","=""450""","=""1.0e+07""",E,"=""37.094827""","=""41.306940""","=""2s2.2p5.3p""","=""1D""","=""2""","=""2s2.2p5.(2P*<1/2>).3d""","=""2[3/2]*""","=""1""",,"=""T7663c80""","=""L914""",
Na,2,"=""294.5702""","=""0.0003""","=""294.5699""","=""0.0012""","=""800""","=""2.8e+07""",E,"=""36.854157""","=""41.061918""","=""2s2.2p5.3p""","=""3D""","=""3""","=""2s2.2p5.(2P*<3/2>).3d""","=""2[7/2]*""","=""3""",,"=""T7663c78""","=""L914""",
Na,2,"=""294.7449""","=""0.0003""","=""294.7445""","=""0.0012""","=""950""","=""7.1e+07""",C,"=""37.094827""","=""41.300096""","=""2s2.2p5.3p""","=""1D""","=""2""","=""2s2.2p5.(2P*<1/2>).4s""","=""2[1/2]*""","=""1""",,"=""T7663c80""","=""L914""",
Na,2,"=""295.1235""","=""0.0003""","=""295.1235""","=""0.0012""","=""1200""","=""4.33e+08""",A,"=""36.854157""","=""41.054025""","=""2s2.2p5.3p""","=""3D""","=""3""","=""2s2.2p5.(2P*<3/2>).3d""","=""2[7/2]*""","=""4""",,"=""T7663""","=""L914""",
Na,2,"=""295.2396""","=""0.0003""","=""295.2396""","=""0.0012""","=""1100""","=""1.8e+07""",E,"=""36.902113""","=""41.100329""","=""2s2.2p5.3p""","=""3D""","=""2""","=""2s2.2p5.(2P*<3/2>).4s""","=""2[3/2]*""","=""2""",,"=""T7663c78""","=""L914""",
Na,2,"=""296.0116""","=""0.0003""","=""296.0115""","=""0.0012""","=""850""","=""5.60e+07""",B+,"=""37.094827""","=""41.282097""","=""2s2.2p5.3p""","=""1D""","=""2""","=""2s2.2p5.(2P*<1/2>).3d""","=""2[3/2]*""","=""2""",,"=""T7663""","=""L914""",
Na,2,"=""296.5742""","=""0.0003""","=""296.5746""","=""0.0012""","=""450""","=""4.6e+05""",E,"=""36.967803""","=""41.147123""","=""2s2.2p5.3p""","=""3D""","=""1""","=""2s2.2p5.(2P*<3/2>).4s""","=""2[3/2]*""","=""1""",,"=""T7663c79""","=""L914""",
Na,2,"=""297.0727""","=""0.0003""","=""297.0727""","=""0.0012""","=""500""","=""1.03e+07""",B,"=""37.094827""","=""41.267140""","=""2s2.2p5.3p""","=""1D""","=""2""","=""2s2.2p5.(2P*<1/2>).3d""","=""2[5/2]*""","=""3""",,"=""T7663""","=""L914""",
Na,2,"=""297.4235""","=""0.0003""","=""297.4238""","=""0.0013""","=""600""","=""2.02e+07""",C+,"=""37.094827""","=""41.262215""","=""2s2.2p5.3p""","=""1D""","=""2""","=""2s2.2p5.(2P*<1/2>).3d""","=""2[5/2]*""","=""2""",,"=""T6036""","=""L914""",
Na,2,"=""297.4988""","=""0.0003""","=""297.4990""","=""0.0013""","=""750""","=""6.47e+07""",B+,"=""33.014713""","=""37.181047""","=""2s2.2p5.3s""","=""3P*""","=""0""","=""2s2.2p5.3p""","=""1P""","=""1""",,"=""T7663""","=""L914""",
Na,2,"=""297.7125""","=""0.0003""","=""297.7128""","=""0.0013""","=""1000""","=""1.2e+08""",E,"=""36.967803""","=""41.131145""","=""2s2.2p5.3p""","=""3D""","=""1""","=""2s2.2p5.(2P*<3/2>).3d""","=""2[3/2]*""","=""1""",,"=""T6036c79""","=""L914""",
Na,2,"=""297.9657""","=""0.0003""","=""297.9660""","=""0.0013""","=""1100""","=""2.0e+08""",E,"=""36.902113""","=""41.061918""","=""2s2.2p5.3p""","=""3D""","=""2""","=""2s2.2p5.(2P*<3/2>).3d""","=""2[7/2]*""","=""3""",,"=""T6036c79""","=""L914""",
Na,2,"=""298.0627""","=""0.0003""","=""298.0624""","=""0.0013""","=""1100""","=""3.30e+05""",D,"=""36.854157""","=""41.012615""","=""2s2.2p5.3p""","=""3D""","=""3""","=""2s2.2p5.(2P*<3/2>).3d""","=""2[3/2]*""","=""2""",,"=""T6036""","=""L914""",
Na,2,"=""298.4186""","=""0.0003""","=""298.4174""","=""0.0013""","=""1300bl*""","=""1.74e+07""",B,"=""32.941315""","=""37.094827""","=""2s2.2p5.3s""","=""3P*""","=""1""","=""2s2.2p5.3p""","=""1D""","=""2""",,"=""T7663""","=""L914""",
Na,2,"=""298.4186""","=""0.0003""","=""298.4191""","=""0.0013""","=""1300bl*""","=""2.4e+08""",E,"=""36.967803""","=""41.121292""","=""2s2.2p5.3p""","=""3D""","=""1""","=""2s2.2p5.(2P*<3/2>).3d""","=""2[5/2]*""","=""2""",,"=""T6036c79""","=""L914""",
Na,2,"=""300.4149""","=""0.0003""","=""300.4151""","=""0.0013""","=""550""","=""1.7e+07""",E,"=""37.181047""","=""41.306940""","=""2s2.2p5.3p""","=""1P""","=""1""","=""2s2.2p5.(2P*<1/2>).3d""","=""2[3/2]*""","=""1""",,"=""T6036c80""","=""L914""",
Na,2,"=""300.7442""","=""0.0003""","=""300.7446""","=""0.0013""","=""750""","=""1.68e+07""",B+,"=""32.846429""","=""36.967803""","=""2s2.2p5.3s""","=""3P*""","=""2""","=""2s2.2p5.3p""","=""3D""","=""1""",,"=""T7663""","=""L914""",
Na,2,"=""300.9137""","=""0.0003""","=""300.9143""","=""0.0013""","=""750""","=""3.0e+07""",D,"=""37.181047""","=""41.300096""","=""2s2.2p5.3p""","=""1P""","=""1""","=""2s2.2p5.(2P*<1/2>).4s""","=""2[1/2]*""","=""1""",,"=""T7663c80""","=""L914""",
Na,2,"=""301.5395""","=""0.0003""","=""301.5400""","=""0.0013""","=""600""","=""1.51e+07""",C+,"=""36.902113""","=""41.012615""","=""2s2.2p5.3p""","=""3D""","=""2""","=""2s2.2p5.(2P*<3/2>).3d""","=""2[3/2]*""","=""2""",,"=""T6036""","=""L914""",
Na,2,"=""302.2348""","=""0.0003""","=""302.2350""","=""0.0013""","=""160""","=""6.91e+05""",D+,"=""37.181047""","=""41.282097""","=""2s2.2p5.3p""","=""1P""","=""1""","=""2s2.2p5.(2P*<1/2>).3d""","=""2[3/2]*""","=""2""",,"=""T7663""","=""L914""",
Na,2,"=""302.400""","=""0.010""","=""302.4012""","=""0.0013""","=""130""","=""2.3e+06""",E,"=""37.208144""","=""41.306940""","=""2s2.2p5.3p""","=""3P""","=""2""","=""2s2.2p5.(2P*<1/2>).3d""","=""2[3/2]*""","=""1""",,"=""T7663c80""","=""L914""",
Na,2,"=""302.9070""","=""0.0003""","=""302.9070""","=""0.0013""","=""400""","=""9.9e+07""",E,"=""37.208144""","=""41.300096""","=""2s2.2p5.3p""","=""3P""","=""2""","=""2s2.2p5.(2P*<1/2>).4s""","=""2[1/2]*""","=""1""",,"=""T7663c80""","=""L914""",
Na,2,"=""302.9320""","=""0.0003""","=""302.9316""","=""0.0013""","=""40""","=""6.32e+06""",C,"=""36.902113""","=""40.993732""","=""2s2.2p5.3p""","=""3D""","=""2""","=""2s2.2p5.(2P*<3/2>).3d""","=""2[1/2]*""","=""1""",,"=""T6036""","=""L914""",
Na,2,"=""303.7076""","=""0.0003""","=""303.7075""","=""0.0013""","=""400""","=""2.55e+08""",B+,"=""37.181047""","=""41.262215""","=""2s2.2p5.3p""","=""1P""","=""1""","=""2s2.2p5.(2P*<1/2>).3d""","=""2[5/2]*""","=""2""",,"=""T6036""","=""L914""",
Na,2,"=""304.2461""","=""0.0003""","=""304.2453""","=""0.0013""","=""350""","=""7.49e+05""",D,"=""37.208144""","=""41.282097""","=""2s2.2p5.3p""","=""3P""","=""2""","=""2s2.2p5.(2P*<1/2>).3d""","=""2[3/2]*""","=""2""",,"=""T6036""","=""L914""",
Na,2,"=""304.5600""","=""0.0003""","=""304.5597""","=""0.0013""","=""400""","=""6.92e+07""",C+,"=""37.181047""","=""41.250796""","=""2s2.2p5.3p""","=""1P""","=""1""","=""2s2.2p5.(2P*<1/2>).4s""","=""2[1/2]*""","=""0""",,"=""T7663""","=""L914""",
Na,2,"=""305.0210""","=""0.0003""","=""305.0208""","=""0.0013""","=""350""","=""1.3e+08""",E,"=""37.243343""","=""41.306940""","=""2s2.2p5.3p""","=""3P""","=""0""","=""2s2.2p5.(2P*<1/2>).3d""","=""2[3/2]*""","=""1""",,"=""T7663c80""","=""L914""",
Na,2,"=""305.3666""","=""0.0003""","=""305.3665""","=""0.0013""","=""550""","=""3.0e+08""",E,"=""37.208144""","=""41.267140""","=""2s2.2p5.3p""","=""3P""","=""2""","=""2s2.2p5.(2P*<1/2>).3d""","=""2[5/2]*""","=""3""",,"=""T6036c79""","=""L914""",
Na,2,"=""305.5347""","=""0.0003""","=""305.5354""","=""0.0013""","=""550""","=""8.8e+06""",E,"=""37.243343""","=""41.300096""","=""2s2.2p5.3p""","=""3P""","=""0""","=""2s2.2p5.(2P*<1/2>).4s""","=""2[1/2]*""","=""1""",,"=""T7663c80""","=""L914""",
Na,2,"=""305.6161""","=""0.0003""","=""305.6160""","=""0.0013""","=""550""","=""7.46e+07""",A,"=""32.846429""","=""36.902113""","=""2s2.2p5.3s""","=""3P*""","=""2""","=""2s2.2p5.3p""","=""3D""","=""2""",,"=""T7663""","=""L914""",
Na,2,"=""305.7375""","=""0.0003""","=""305.7375""","=""0.0013""","=""550""","=""4.51e+07""",B+,"=""37.208144""","=""41.262215""","=""2s2.2p5.3p""","=""3P""","=""2""","=""2s2.2p5.(2P*<1/2>).3d""","=""2[5/2]*""","=""2""",,"=""T7663""","=""L914""",
Na,2,"=""305.8720""","=""0.0003""","=""305.8715""","=""0.0013""","=""550""","=""2.18e+07""",C+,"=""37.094827""","=""41.147123""","=""2s2.2p5.3p""","=""1D""","=""2""","=""2s2.2p5.(2P*<3/2>).4s""","=""2[3/2]*""","=""1""",,"=""T7663""","=""L914""",
Na,2,"=""306.1350""","=""0.0003""","=""306.1350""","=""0.0013""","=""800""","=""1.0e+08""",E,"=""37.258133""","=""41.306940""","=""2s2.2p5.3p""","=""3P""","=""1""","=""2s2.2p5.(2P*<1/2>).3d""","=""2[3/2]*""","=""1""",,"=""T7663c80""","=""L914""",
Na,2,"=""306.4375""","=""0.0003""","=""306.4374""","=""0.0013""","=""500""","=""7.62e+06""",C,"=""36.967803""","=""41.012615""","=""2s2.2p5.3p""","=""3D""","=""1""","=""2s2.2p5.(2P*<3/2>).3d""","=""2[3/2]*""","=""2""",,"=""T6036""","=""L914""",
Na,2,"=""306.6535""","=""0.0003""","=""306.6534""","=""0.0013""","=""500""","=""3.74e+07""",B,"=""37.258133""","=""41.300096""","=""2s2.2p5.3p""","=""3P""","=""1""","=""2s2.2p5.(2P*<1/2>).4s""","=""2[1/2]*""","=""1""",,"=""T7663c80""","=""L914""",
Na,2,"=""307.0829""","=""0.0003""","=""307.0823""","=""0.0013""","=""350""","=""8.7e+06""",C,"=""37.094827""","=""41.131145""","=""2s2.2p5.3p""","=""1D""","=""2""","=""2s2.2p5.(2P*<3/2>).3d""","=""2[3/2]*""","=""1""",,"=""T6036""","=""L914""",
Na,2,"=""307.4334""","=""0.0003""","=""307.4332""","=""0.0013""","=""550""","=""1.4e+08""",E,"=""37.094827""","=""41.126538""","=""2s2.2p5.3p""","=""1D""","=""2""","=""2s2.2p5.(2P*<3/2>).3d""","=""2[5/2]*""","=""3""",,"=""T6036c79""","=""L914""",
Na,2,"=""307.8318""","=""0.0003""","=""307.8320""","=""0.0013""","=""550bl*""","=""1.17e+08""",A,"=""32.941315""","=""36.967803""","=""2s2.2p5.3s""","=""3P*""","=""1""","=""2s2.2p5.3p""","=""3D""","=""1""",,"=""T7663""","=""L914""",
Na,2,"=""307.8318""","=""0.0003""","=""307.8338""","=""0.0013""","=""550bl*""","=""3.6e+05""",E,"=""37.094827""","=""41.121292""","=""2s2.2p5.3p""","=""1D""","=""2""","=""2s2.2p5.(2P*<3/2>).3d""","=""2[5/2]*""","=""2""",,"=""T6036c79""","=""L914""",
Na,2,"=""307.8752""","=""0.0003""","=""307.8747""","=""0.0013""","=""170""","=""3.59e+06""",D+,"=""36.967803""","=""40.993732""","=""2s2.2p5.3p""","=""3D""","=""1""","=""2s2.2p5.(2P*<3/2>).3d""","=""2[1/2]*""","=""1""",,"=""T6036""","=""L914""",
Na,2,"=""308.0254""","=""0.0003""","=""308.0251""","=""0.0013""","=""550""","=""2.81e+08""",B+,"=""37.258133""","=""41.282097""","=""2s2.2p5.3p""","=""3P""","=""1""","=""2s2.2p5.(2P*<1/2>).3d""","=""2[3/2]*""","=""2""",,"=""T6036""","=""L914""",
Na,2,"=""308.7060""","=""0.0003""","=""308.7057""","=""0.0013""","=""450""","=""1.66e+07""",C,"=""36.967803""","=""40.982896""","=""2s2.2p5.3p""","=""3D""","=""1""","=""2s2.2p5.(2P*<3/2>).3d""","=""2[1/2]*""","=""0""",,"=""T6036""","=""L914""",
Na,2,"=""309.2732""","=""0.0003""","=""309.2731""","=""0.0014""","=""550""","=""2.09e+08""",A,"=""32.846429""","=""36.854157""","=""2s2.2p5.3s""","=""3P*""","=""2""","=""2s2.2p5.3p""","=""3D""","=""3""",,"=""T7663""","=""L914""",
Na,2,"=""309.4449""","=""0.0003""","=""309.4449""","=""0.0014""","=""650""","=""1.1e+06""",E,"=""37.094827""","=""41.100329""","=""2s2.2p5.3p""","=""1D""","=""2""","=""2s2.2p5.(2P*<3/2>).4s""","=""2[3/2]*""","=""2""",,"=""T7663c78""","=""L914""",
Na,2,"=""309.5552""","=""0.0003""","=""309.5546""","=""0.0014""","=""650""","=""3.97e+05""",D+,"=""37.258133""","=""41.262215""","=""2s2.2p5.3p""","=""3P""","=""1""","=""2s2.2p5.(2P*<1/2>).3d""","=""2[5/2]*""","=""2""",,"=""T7663""","=""L914""",
Na,2,"=""310.4403""","=""0.0003""","=""310.4400""","=""0.0014""","=""500""","=""5.63e+07""",C+,"=""37.258133""","=""41.250796""","=""2s2.2p5.3p""","=""3P""","=""1""","=""2s2.2p5.(2P*<1/2>).4s""","=""2[1/2]*""","=""0""",,"=""T7663""","=""L914""",
Na,2,"=""312.4415""","=""0.0003""","=""312.4413""","=""0.0014""","=""1700""","=""7.1e+07""",E,"=""37.094827""","=""41.061918""","=""2s2.2p5.3p""","=""1D""","=""2""","=""2s2.2p5.(2P*<3/2>).3d""","=""2[7/2]*""","=""3""",,"=""T7663c78""","=""L914""",
Na,2,"=""312.5212""","=""0.0003""","=""312.5212""","=""0.0014""","=""600""","=""9.72e+06""",C,"=""37.181047""","=""41.147123""","=""2s2.2p5.3p""","=""1P""","=""1""","=""2s2.2p5.(2P*<3/2>).4s""","=""2[3/2]*""","=""1""",,"=""T7663""","=""L914""",
Na,2,"=""312.9377""","=""0.0003""","=""312.9376""","=""0.0014""","=""600""","=""1.28e+08""",A,"=""32.941315""","=""36.902113""","=""2s2.2p5.3s""","=""3P*""","=""1""","=""2s2.2p5.3p""","=""3D""","=""2""",,"=""T7663""","=""L914""",
Na,2,"=""313.5483""","=""0.0003""","=""313.5478""","=""0.0014""","=""2500""","=""7.42e+07""",A,"=""33.014713""","=""36.967803""","=""2s2.2p5.3s""","=""3P*""","=""0""","=""2s2.2p5.3p""","=""3D""","=""1""",,"=""T7663""","=""L914""",
Na,2,"=""313.7861""","=""0.0003""","=""313.7853""","=""0.0014""","=""1700""","=""1.41e+08""",B+,"=""37.181047""","=""41.131145""","=""2s2.2p5.3p""","=""1P""","=""1""","=""2s2.2p5.(2P*<3/2>).3d""","=""2[3/2]*""","=""1""",,"=""T6036""","=""L914""",
Na,2,"=""314.5706""","=""0.0003""","=""314.5700""","=""0.0014""","=""950""","=""4.5e+07""",C,"=""37.181047""","=""41.121292""","=""2s2.2p5.3p""","=""1P""","=""1""","=""2s2.2p5.(2P*<3/2>).3d""","=""2[5/2]*""","=""2""",,"=""T7663c78""","=""L914""",
Na,2,"=""314.9283""","=""0.0003""","=""314.9275""","=""0.0014""","=""2000""","=""8.24e+07""",B+,"=""33.322360""","=""37.258133""","=""2s2.2p5.3s""","=""1P*""","=""1""","=""2s2.2p5.3p""","=""3P""","=""1""",,"=""T7663""","=""L914""",
Na,2,"=""315.9527""","=""0.0003""","=""315.9528""","=""0.0014""","=""70""","=""6.5e+06""",E,"=""37.208144""","=""41.131145""","=""2s2.2p5.3p""","=""3P""","=""2""","=""2s2.2p5.(2P*<3/2>).3d""","=""2[3/2]*""","=""1""",,"=""T6036c79""","=""L914""",
Na,2,"=""316.1154""","=""0.0003""","=""316.1154""","=""0.0014""","=""250""","=""4.36e+06""",C+,"=""33.322360""","=""37.243343""","=""2s2.2p5.3s""","=""1P*""","=""1""","=""2s2.2p5.3p""","=""3P""","=""0""",,"=""T7663""","=""L914""",
Na,2,"=""316.253""","=""0.010""","=""316.2526""","=""0.0014""","=""90""","=""7.1e+05""",E,"=""37.181047""","=""41.100329""","=""2s2.2p5.3p""","=""1P""","=""1""","=""2s2.2p5.(2P*<3/2>).4s""","=""2[3/2]*""","=""2""",,"=""T7663c78""","=""L914""",
Na,2,"=""316.3246""","=""0.0003""","=""316.3243""","=""0.0014""","=""350""","=""6.1e+06""",E,"=""37.208144""","=""41.126538""","=""2s2.2p5.3p""","=""3P""","=""2""","=""2s2.2p5.(2P*<3/2>).3d""","=""2[5/2]*""","=""3""",,"=""T7663c78""","=""L914""",
Na,2,"=""316.3736""","=""0.0003""","=""316.3732""","=""0.0014""","=""2000""","=""1.05e+08""",B+,"=""37.094827""","=""41.012615""","=""2s2.2p5.3p""","=""1D""","=""2""","=""2s2.2p5.(2P*<3/2>).3d""","=""2[3/2]*""","=""2""",,"=""T7663""","=""L914""",
Na,2,"=""316.7484""","=""0.0003""","=""316.7484""","=""0.0014""","=""200""","=""9.3e+06""",C+,"=""37.208144""","=""41.121292""","=""2s2.2p5.3p""","=""3P""","=""2""","=""2s2.2p5.(2P*<3/2>).3d""","=""2[5/2]*""","=""2""",,"=""T6036""","=""L914""",
Na,2,"=""317.5086""","=""0.0003""","=""317.5085""","=""0.0014""","=""700""","=""6.23e+07""",C,"=""37.243343""","=""41.147123""","=""2s2.2p5.3p""","=""3P""","=""0""","=""2s2.2p5.(2P*<3/2>).4s""","=""2[3/2]*""","=""1""",,"=""T7663c79""","=""L914""",
Na,2,"=""317.9064""","=""0.0003""","=""317.9055""","=""0.0014""","=""1000""","=""3.94e+07""",B,"=""37.094827""","=""40.993732""","=""2s2.2p5.3p""","=""1D""","=""2""","=""2s2.2p5.(2P*<3/2>).3d""","=""2[1/2]*""","=""1""",,"=""T7663""","=""L914""",
Na,2,"=""318.8127""","=""0.0003""","=""318.8134""","=""0.0014""","=""80""","=""1.9e+07""",E,"=""37.243343""","=""41.131145""","=""2s2.2p5.3p""","=""3P""","=""0""","=""2s2.2p5.(2P*<3/2>).3d""","=""2[3/2]*""","=""1""",,"=""T6036c79""","=""L914""",
Na,2,"=""318.9790""","=""0.0003""","=""318.9790""","=""0.0014""","=""1700""","=""7.30e+07""",B+,"=""33.322360""","=""37.208144""","=""2s2.2p5.3s""","=""1P*""","=""1""","=""2s2.2p5.3p""","=""3P""","=""2""",,"=""T7663""","=""L914""",
Na,2,"=""320.0300""","=""0.0003""","=""320.0309""","=""0.0014""","=""60""","=""1.5e+06""",E,"=""37.258133""","=""41.131145""","=""2s2.2p5.3p""","=""3P""","=""1""","=""2s2.2p5.(2P*<3/2>).3d""","=""2[3/2]*""","=""1""",,"=""T6036c79""","=""L914""",
Na,2,"=""321.2190""","=""0.0003""","=""321.2191""","=""0.0015""","=""1600""","=""1.12e+08""",A,"=""33.322360""","=""37.181047""","=""2s2.2p5.3s""","=""1P*""","=""1""","=""2s2.2p5.3p""","=""1P""","=""1""",,"=""T7663""","=""L914""",
Na,2,"=""321.6283""","=""0.0003""","=""321.6286""","=""0.0015""","=""450""","=""1.4e+07""",C,"=""37.208144""","=""41.061918""","=""2s2.2p5.3p""","=""3P""","=""2""","=""2s2.2p5.(2P*<3/2>).3d""","=""2[7/2]*""","=""3""",,"=""T6036c79""","=""L914""",
Na,2,"=""322.5977""","=""0.0003""","=""322.5978""","=""0.0015""","=""450""","=""1.8e+07""",E,"=""37.258133""","=""41.100329""","=""2s2.2p5.3p""","=""3P""","=""1""","=""2s2.2p5.(2P*<3/2>).4s""","=""2[3/2]*""","=""2""",,"=""T7663c78""","=""L914""",
Na,2,"=""323.4927""","=""0.0003""","=""323.4927""","=""0.0015""","=""700""","=""1.83e+07""",B,"=""37.181047""","=""41.012615""","=""2s2.2p5.3p""","=""1P""","=""1""","=""2s2.2p5.(2P*<3/2>).3d""","=""2[3/2]*""","=""2""",,"=""T7663""","=""L914""",
Na,2,"=""325.0949""","=""0.0003""","=""325.0949""","=""0.0015""","=""400""","=""9.65e+06""",C+,"=""37.181047""","=""40.993732""","=""2s2.2p5.3p""","=""1P""","=""1""","=""2s2.2p5.(2P*<3/2>).3d""","=""2[1/2]*""","=""1""",,"=""T7663""","=""L914""",
Na,2,"=""325.7964""","=""0.0003""","=""325.7968""","=""0.0015""","=""1500""","=""1.03e+08""",B+,"=""37.208144""","=""41.012615""","=""2s2.2p5.3p""","=""3P""","=""2""","=""2s2.2p5.(2P*<3/2>).3d""","=""2[3/2]*""","=""2""",,"=""T6036""","=""L914""",
Na,2,"=""326.0210""","=""0.0003""","=""326.0215""","=""0.0015""","=""650""","=""4.65e+07""",B,"=""37.181047""","=""40.982896""","=""2s2.2p5.3p""","=""1P""","=""1""","=""2s2.2p5.(2P*<3/2>).3d""","=""2[1/2]*""","=""0""",,"=""T7663""","=""L914""",
Na,2,"=""327.4220""","=""0.0003""","=""327.4220""","=""0.0015""","=""950""","=""4.29e+07""",B,"=""37.208144""","=""40.993732""","=""2s2.2p5.3p""","=""3P""","=""2""","=""2s2.2p5.(2P*<3/2>).3d""","=""2[1/2]*""","=""1""",,"=""T6036""","=""L914""",
Na,2,"=""328.5602""","=""0.0003""","=""328.5608""","=""0.0015""","=""1700""","=""1.10e+08""",A,"=""33.322360""","=""37.094827""","=""2s2.2p5.3s""","=""1P*""","=""1""","=""2s2.2p5.3p""","=""1D""","=""2""",,"=""T7663""","=""L914""",
Na,2,"=""330.1349""","=""0.0003""","=""330.1348""","=""0.0015""","=""1700""","=""4.54e+06""",C,"=""37.258133""","=""41.012615""","=""2s2.2p5.3p""","=""3P""","=""1""","=""2s2.2p5.(2P*<3/2>).3d""","=""2[3/2]*""","=""2""",,"=""T6036""","=""L914""",
Na,1,"=""330.2369""","=""0.0005""","=""330.23686""","=""0.00022""","=""19""","=""2.75e+06""",A,"=""0.000000000""","=""3.7533216""","=""2p6.3s""","=""2S""","=""1/2""","=""2p6.4p""","=""2P*""","=""3/2""",,"=""c30,T76n""","=""L6096""",
Na,1,"=""330.2979""","=""0.0005""","=""330.29785""","=""0.00022""","=""18""","=""2.73e+06""",B+,"=""0.000000000""","=""3.7526285""","=""2p6.3s""","=""2S""","=""1/2""","=""2p6.4p""","=""2P*""","=""1/2""",,"=""c30,T76n""","=""L6096""",
Na,2,"=""330.4957""","=""0.0003""","=""330.4951""","=""0.0015""","=""1500""","=""3.60e+07""",B,"=""37.243343""","=""40.993732""","=""2s2.2p5.3p""","=""3P""","=""0""","=""2s2.2p5.(2P*<3/2>).3d""","=""2[1/2]*""","=""1""",,"=""T6036""","=""L914""",
Na,2,"=""331.8039""","=""0.0003""","=""331.8036""","=""0.0016""","=""1000""","=""4.14e+07""",B,"=""37.258133""","=""40.993732""","=""2s2.2p5.3p""","=""3P""","=""1""","=""2s2.2p5.(2P*<3/2>).3d""","=""2[1/2]*""","=""1""",,"=""T6036""","=""L914""",
Na,2,"=""332.7689""","=""0.0003""","=""332.7689""","=""0.0016""","=""950""","=""9.45e+07""",B,"=""37.258133""","=""40.982896""","=""2s2.2p5.3p""","=""3P""","=""1""","=""2s2.2p5.(2P*<3/2>).3d""","=""2[1/2]*""","=""0""",,"=""T6036""","=""L914""",
Na,2,"=""340.0093""","=""0.0003""","=""340.0098""","=""0.0016""","=""200""","=""1.24e+06""",C+,"=""33.322360""","=""36.967803""","=""2s2.2p5.3s""","=""1P*""","=""1""","=""2s2.2p5.3p""","=""3D""","=""1""",,"=""T7663""","=""L914""",
Na,1,"=""342.73""","=""0.02""","=""342.736""","=""0.011""","=""9""","=""2.8e+07""",D,"=""32.7002""","=""36.3167""","=""2p5.(2P*).3s.3p.(3P*)""","=""4S""","=""3/2""","=""2p5.3s.(3P*).3d""","=""4F*""","=""5/2""",,"=""T5209""","=""L6269""",
Na,2,"=""346.2491""","=""0.0003""","=""346.2494""","=""0.0017""","=""450""","=""3.61e+06""",B,"=""33.322360""","=""36.902113""","=""2s2.2p5.3s""","=""1P*""","=""1""","=""2s2.2p5.3p""","=""3D""","=""2""",,"=""T7663""","=""L914""",
Na,1,"=""348.90""","=""0.02""","=""348.890""","=""0.009""","=""130""","=""4.2e+07""",D,"=""32.7002""","=""36.2529""","=""2p5.(2P*).3s.3p.(3P*)""","=""4S""","=""3/2""","=""2p5.3s.(3P*).3d""","=""4D*""","=""5/2""",,"=""T5209""","=""L6269""",
Na,1,"=""350.25""","=""0.02""","=""350.237""","=""0.010""","=""160""","=""8.8e+07""",D,"=""32.7002""","=""36.2392""","=""2p5.(2P*).3s.3p.(3P*)""","=""4S""","=""3/2""","=""2p5.3s.(3P*).3d""","=""4P*""","=""3/2""",,"=""T5209""","=""L6269""",
Na,1,"=""351.10""","=""0.02""","=""351.093""","=""0.010""","=""130""","=""1.15e+08""",D,"=""32.7002""","=""36.2306""","=""2p5.(2P*).3s.3p.(3P*)""","=""4S""","=""3/2""","=""2p5.3s.(3P*).3d""","=""4P*""","=""1/2""",,"=""T5209""","=""L6269""",
Na,2,"=""353.3052""","=""0.0003""","=""353.3057""","=""0.0018""","=""1500""","=""8.81e+07""",A,"=""32.846429""","=""36.354688""","=""2s2.2p5.3s""","=""3P*""","=""2""","=""2s2.2p5.3p""","=""3S""","=""1""",,"=""T7663""","=""L914""",
Na,2,"=""363.1272""","=""0.0003""","=""363.1272""","=""0.0019""","=""1200""","=""3.72e+07""",A,"=""32.941315""","=""36.354688""","=""2s2.2p5.3s""","=""3P*""","=""1""","=""2s2.2p5.3p""","=""3S""","=""1""",,"=""T7663""","=""L914""",
Na,2,"=""371.1070""","=""0.0003""","=""371.1074""","=""0.0019""","=""850""","=""1.02e+07""",B+,"=""33.014713""","=""36.354688""","=""2s2.2p5.3s""","=""3P*""","=""0""","=""2s2.2p5.3p""","=""3S""","=""1""",,"=""T7663""","=""L914""",
Na,1,"=""384.80""","=""0.02""","=""384.802""","=""0.013""","=""5""","=""2.8e+07""",D,"=""33.0956""","=""36.3167""","=""2p5.(2P*).3s.3p.(3P*)""","=""4D""","=""5/2""","=""2p5.3s.(3P*).3d""","=""4F*""","=""5/2""",,"=""T5209""","=""L6269""",
Na,1,"=""386.55""","=""0.02""","=""386.543""","=""0.013""","=""130""","=""5.8e+07""",D,"=""33.0525""","=""36.2591""","=""2p5.(2P*).3s.3p.(3P*)""","=""4D""","=""7/2""","=""2p5.3s.(3P*).3d""","=""4F*""","=""7/2""",,"=""T5209""","=""L6269""",
Na,1,"=""387.29""","=""0.02""","=""387.296""","=""0.011""","=""19""","=""1.2e+07""",D,"=""33.0525""","=""36.2529""","=""2p5.(2P*).3s.3p.(3P*)""","=""4D""","=""7/2""","=""2p5.3s.(3P*).3d""","=""4D*""","=""5/2""",,"=""T5209""","=""L6269""",
Na,1,"=""388.18""","=""0.02""","=""388.181""","=""0.020""","=""420""","=""1.63e+08""",D,"=""33.0525""","=""36.2456""","=""2p5.(2P*).3s.3p.(3P*)""","=""4D""","=""7/2""","=""2p5.3s.(3P*).3d""","=""4F*""","=""9/2""",,"=""T5209""","=""L6269""",
Na,1,"=""388.57""","=""0.02""","=""388.571""","=""0.011""","=""36""","=""6.2e+07""",D,"=""33.1388""","=""36.3286""","=""2p5.(2P*).3s.3p.(3P*)""","=""4D""","=""3/2""","=""2p5.3s.(3P*).3d""","=""4D*""","=""3/2""",,"=""T5209""","=""L6269""",
Na,1,"=""390.04""","=""0.02""","=""390.033""","=""0.014""","=""15""","=""7.7e+07""",D,"=""33.1388""","=""36.3167""","=""2p5.(2P*).3s.3p.(3P*)""","=""4D""","=""3/2""","=""2p5.3s.(3P*).3d""","=""4F*""","=""5/2""",,"=""T5209""","=""L6269""",
Na,1,"=""391.79""","=""0.02""","=""391.803""","=""0.012""","=""160""","=""6.6e+07""",D,"=""33.0956""","=""36.2591""","=""2p5.(2P*).3s.3p.(3P*)""","=""4D""","=""5/2""","=""2p5.3s.(3P*).3d""","=""4F*""","=""7/2""",,"=""T5209""","=""L6269""",
Na,1,"=""392.56""","=""0.02""","=""392.577""","=""0.009""","=""85""","=""4.5e+07""",D,"=""33.0956""","=""36.2529""","=""2p5.(2P*).3s.3p.(3P*)""","=""4D""","=""5/2""","=""2p5.3s.(3P*).3d""","=""4D*""","=""5/2""",,"=""T5209""","=""L6269""",
Na,1,"=""393.06""","=""0.02""","=""393.059""","=""0.014""","=""15""","=""2.5e+07""",D,"=""33.1752""","=""36.3286""","=""2p5.(2P*).3s.3p.(3P*)""","=""4D""","=""1/2""","=""2p5.3s.(3P*).3d""","=""4D*""","=""3/2""",,"=""T5209""","=""L6269""",
Na,1,"=""394.26""","=""0.02""","=""394.283""","=""0.009""","=""32""","=""2.1e+07""",D,"=""33.0956""","=""36.2392""","=""2p5.(2P*).3s.3p.(3P*)""","=""4D""","=""5/2""","=""2p5.3s.(3P*).3d""","=""4P*""","=""3/2""",,"=""T5209""","=""L6269""",
Na,1,"=""398.03""","=""0.02""","=""398.023""","=""0.010""","=""14""","=""5.e+06""",D,"=""33.1388""","=""36.2529""","=""2p5.(2P*).3s.3p.(3P*)""","=""4D""","=""3/2""","=""2p5.3s.(3P*).3d""","=""4D*""","=""5/2""",,"=""T5209""","=""L6269""",
Na,1,"=""399.77""","=""0.02""","=""399.777""","=""0.011""","=""14""","=""8.e+06""",D,"=""33.1388""","=""36.2392""","=""2p5.(2P*).3s.3p.(3P*)""","=""4D""","=""3/2""","=""2p5.3s.(3P*).3d""","=""4P*""","=""3/2""",,"=""T5209""","=""L6269""",
Na,1,"=""400.88""","=""0.02""","=""400.892""","=""0.011""","=""27""","=""1.5e+07""",D,"=""33.1388""","=""36.2306""","=""2p5.(2P*).3s.3p.(3P*)""","=""4D""","=""3/2""","=""2p5.3s.(3P*).3d""","=""4P*""","=""1/2""",,"=""T5209""","=""L6269""",
Na,2,"=""408.7603""","=""0.0003""","=""408.7593""","=""0.0024""","=""130""","=""3.81e+05""",C,"=""33.322360""","=""36.354688""","=""2s2.2p5.3s""","=""1P*""","=""1""","=""2s2.2p5.3p""","=""3S""","=""1""",,"=""T7663""","=""L914""",
Na,2,"=""411.3704""","=""0.0003""","=""411.3703""","=""0.0024""","=""300""","=""3.7e+07""",D,"=""38.293859""","=""41.306940""","=""2s2.2p5.3p""","=""1S""","=""0""","=""2s2.2p5.(2P*<1/2>).3d""","=""2[3/2]*""","=""1""",,"=""T6036c80""","=""L914""",
Na,2,"=""412.3082""","=""0.0003""","=""412.3069""","=""0.0024""","=""250""","=""2.7e+07""",C,"=""38.293859""","=""41.300096""","=""2s2.2p5.3p""","=""1S""","=""0""","=""2s2.2p5.(2P*<1/2>).4s""","=""2[1/2]*""","=""1""",,"=""T7663c80""","=""L914""",
Na,1,"=""417.67""","=""0.02""","=""417.667""","=""0.014""","=""82""","=""3.5e+07""",D,"=""33.2915""","=""36.2591""","=""2p5.(2P*).3s.3p.(3P*)""","=""4P""","=""5/2""","=""2p5.3s.(3P*).3d""","=""4F*""","=""7/2""",,"=""T5209""","=""L6269""",
Na,1,"=""418.55""","=""0.02""","=""418.546""","=""0.011""","=""150""","=""4.9e+07""",D,"=""33.2915""","=""36.2529""","=""2p5.(2P*).3s.3p.(3P*)""","=""4P""","=""5/2""","=""2p5.3s.(3P*).3d""","=""4D*""","=""5/2""",,"=""T5209""","=""L6269""",
Na,1,"=""420.49""","=""0.02""","=""420.486""","=""0.012""","=""46""","=""2.5e+07""",D,"=""33.2915""","=""36.2392""","=""2p5.(2P*).3s.3p.(3P*)""","=""4P""","=""5/2""","=""2p5.3s.(3P*).3d""","=""4P*""","=""3/2""",,"=""T5209""","=""L6269""",
Na,1,"=""424.2082""","=""0.0008""","=""424.20759""","=""0.00004""","=""3*""","=""5.54e+04""",B,"=""2.104429202""","=""[5.02633118]""","=""2p6.3p""","=""2P*""","=""3/2""","=""2p6.11d""","=""2D""","=""3/2""",,"=""T7799""","=""L6096""",
Na,1,"=""424.2082""","=""0.0008""","=""424.20763""","=""0.00004""","=""3*""","=""3.32e+05""",B,"=""2.104429202""","=""[5.02633094]""","=""2p6.3p""","=""2P*""","=""3/2""","=""2p6.11d""","=""2D""","=""5/2""",,"=""T7799""","=""L6096""",
Na,1,"=""425.2520""","=""0.0008""","=""425.25165""","=""0.00004""","=""2""","=""1.84e+05""",B,"=""2.104429202""","=""5.01915758""","=""2p6.3p""","=""2P*""","=""3/2""","=""2p6.12s""","=""2S""","=""1/2""",,"=""T7799""","=""L6096""",
Na,1,"=""425.38""","=""0.02""","=""425.376""","=""0.013""","=""17""","=""5.e+06""",D,"=""33.3390""","=""36.2529""","=""2p5.(2P*).3s.3p.(3P*)""","=""4P""","=""3/2""","=""2p5.3s.(3P*).3d""","=""4D*""","=""5/2""",,"=""T5209""","=""L6269""",
Na,1,"=""427.3642""","=""0.0008""","=""427.36265""","=""0.00004""","=""4""","=""3.91e+05""",C,"=""2.102297177""","=""5.00262826""","=""2p6.3p""","=""2P*""","=""1/2""","=""2p6.10d""","=""2D""","=""3/2""",,"=""c58,LS""","=""L6096""",
Na,1,"=""427.39""","=""0.02""","=""427.380""","=""0.013""","=""23""","=""1.6e+07""",D,"=""33.3390""","=""36.2392""","=""2p5.(2P*).3s.3p.(3P*)""","=""4P""","=""3/2""","=""2p5.3s.(3P*).3d""","=""4P*""","=""3/2""",,"=""T5209""","=""L6269""",
Na,1,"=""427.6787""","=""0.0008""","=""427.67704""","=""0.00004""","=""5*""","=""7.8e+04""",C,"=""2.104429202""","=""5.00262826""","=""2p6.3p""","=""2P*""","=""3/2""","=""2p6.10d""","=""2D""","=""3/2""",,"=""c58,LS""","=""L6096""",
Na,1,"=""427.6787""","=""0.0008""","=""427.67709""","=""0.00004""","=""5*""","=""4.69e+05""",C,"=""2.104429202""","=""5.00262788""","=""2p6.3p""","=""2P*""","=""3/2""","=""2p6.10d""","=""2D""","=""5/2""",,"=""c58,LS""","=""L6096""",
Na,1,"=""428.67""","=""0.02""","=""428.655""","=""0.013""","=""46""","=""2.8e+07""",D,"=""33.3390""","=""36.2306""","=""2p5.(2P*).3s.3p.(3P*)""","=""4P""","=""3/2""","=""2p5.3s.(3P*).3d""","=""4P*""","=""1/2""",,"=""T5209""","=""L6269""",
Na,1,"=""429.1006""","=""0.0008""","=""429.10012""","=""0.00004""","=""3""","=""2.47e+05""",B,"=""2.104429202""","=""4.99301675""","=""2p6.3p""","=""2P*""","=""3/2""","=""2p6.11s""","=""2S""","=""1/2""",,"=""T7799""","=""L6096""",
Na,1,"=""432.4615""","=""0.0008""","=""432.4615""","=""0.0004""","=""7*""","=""1.14e+05""",B,"=""2.104429202""","=""4.9705650""","=""2p6.3p""","=""2P*""","=""3/2""","=""2p6.9d""","=""2D""","=""3/2""",,"=""T7799""","=""L6096""",
Na,1,"=""432.4615""","=""0.0008""","=""432.4615""","=""0.0004""","=""7*""","=""6.84e+05""",B,"=""2.104429202""","=""4.9705650""","=""2p6.3p""","=""2P*""","=""3/2""","=""2p6.9d""","=""2D""","=""5/2""",,"=""T7799""","=""L6096""",
Na,1,"=""434.1489""","=""0.0008""","=""434.1489""","=""0.0004""","=""4""","=""3.26e+05""",C+,"=""2.102297177""","=""4.9572937""","=""2p6.3p""","=""2P*""","=""1/2""","=""2p6.10s""","=""2S""","=""1/2""",,"=""c30""","=""L6096""",
Na,2,"=""434.4108""","=""0.0003""","=""434.412""","=""0.003""","=""250""","=""4.32e+07""",B+,"=""38.293859""","=""41.147123""","=""2s2.2p5.3p""","=""1S""","=""0""","=""2s2.2p5.(2P*<3/2>).4s""","=""2[3/2]*""","=""1""",,"=""T7663""","=""L914""",
Na,1,"=""434.4736""","=""0.0008""","=""434.4733""","=""0.0004""","=""5""","=""6.50e+05""",C+,"=""2.104429202""","=""4.9572937""","=""2p6.3p""","=""2P*""","=""3/2""","=""2p6.10s""","=""2S""","=""1/2""",,"=""c30""","=""L6096""",
Na,2,"=""436.8600""","=""0.0003""","=""436.859""","=""0.003""","=""200""","=""3.59e+07""",B,"=""38.293859""","=""41.131145""","=""2s2.2p5.3p""","=""1S""","=""0""","=""2s2.2p5.(2P*<3/2>).3d""","=""2[3/2]*""","=""1""",,"=""T6036""","=""L914""",
Na,1,"=""439.0029""","=""0.0008""","=""439.0022""","=""0.0004""","=""8""","=""9.83e+05""",B+,"=""2.102297177""","=""4.9257310""","=""2p6.3p""","=""2P*""","=""1/2""","=""2p6.8d""","=""2D""","=""3/2""",,"=""c30""","=""L6096""",
Na,1,"=""439.3340""","=""0.0008""","=""439.3340""","=""0.0004""","=""9*""","=""1.17e+06""",B+,"=""2.104429202""","=""4.9257310""","=""2p6.3p""","=""2P*""","=""3/2""","=""2p6.8d""","=""2D""","=""5/2""",,"=""c30""","=""L6096""",
Na,1,"=""439.3340""","=""0.0008""","=""439.3340""","=""0.0004""","=""9*""","=""1.95e+05""",B,"=""2.104429202""","=""4.9257310""","=""2p6.3p""","=""2P*""","=""3/2""","=""2p6.8d""","=""2D""","=""3/2""",,"=""c30""","=""L6096""",
Na,1,"=""441.9885""","=""0.0008""","=""441.9883""","=""0.0004""","=""6""","=""2.82e+05""",C+,"=""2.102297177""","=""4.9066561""","=""2p6.3p""","=""2P*""","=""1/2""","=""2p6.9s""","=""2S""","=""1/2""",,"=""c30""","=""L6096""",
Na,1,"=""442.3246""","=""0.0008""","=""442.3246""","=""0.0004""","=""7""","=""5.61e+05""",C+,"=""2.104429202""","=""4.9066561""","=""2p6.3p""","=""2P*""","=""3/2""","=""2p6.9s""","=""2S""","=""1/2""",,"=""c30""","=""L6096""",
Na,1,"=""443.23""","=""0.02""","=""443.234""","=""0.014""","=""310""","=""1.4e+07""",D,"=""32.7002""","=""35.4967""","=""2p5.(2P*).3s.3p.(3P*)""","=""4S""","=""3/2""","=""2p5.3s.(3P*).4s""","=""4P*""","=""5/2""",,"=""T5209""","=""L6269""",
Na,1,"=""449.4177""","=""0.0009""","=""449.4180""","=""0.0004""","=""10""","=""1.23e+06""",B+,"=""2.102297177""","=""4.8602959""","=""2p6.3p""","=""2P*""","=""1/2""","=""2p6.7d""","=""2D""","=""3/2""",,"=""c30""","=""L6096""",
Na,1,"=""449.7658""","=""0.0009""","=""449.7657""","=""0.0004""","=""11*""","=""1.46e+06""",B+,"=""2.104429202""","=""4.8602959""","=""2p6.3p""","=""2P*""","=""3/2""","=""2p6.7d""","=""2D""","=""5/2""",,"=""c30""","=""L6096""",
Na,1,"=""449.7658""","=""0.0009""","=""449.7657""","=""0.0004""","=""11*""","=""2.44e+05""",B,"=""2.104429202""","=""4.8602959""","=""2p6.3p""","=""2P*""","=""3/2""","=""2p6.7d""","=""2D""","=""3/2""",,"=""c30""","=""L6096""",
Na,1,"=""454.1633""","=""0.0009""","=""454.1633""","=""0.0004""","=""7""","=""3.76e+05""",B,"=""2.102297177""","=""4.8314795""","=""2p6.3p""","=""2P*""","=""1/2""","=""2p6.8s""","=""2S""","=""1/2""",,"=""c30""","=""L6096""",
Na,1,"=""454.5186""","=""0.0009""","=""454.5184""","=""0.0004""","=""8""","=""7.50e+05""",B,"=""2.104429202""","=""4.8314795""","=""2p6.3p""","=""2P*""","=""3/2""","=""2p6.8s""","=""2S""","=""1/2""",,"=""c30""","=""L6096""",
Na,2,"=""459.0933""","=""0.0003""","=""459.094""","=""0.003""","=""160""","=""2.0e+06""",E,"=""38.293859""","=""40.993732""","=""2s2.2p5.3p""","=""1S""","=""0""","=""2s2.2p5.(2P*<3/2>).3d""","=""2[1/2]*""","=""1""",,"=""T6036c79""","=""L914""",
Na,1,"=""466.48107""","=""0.00005""","=""466.48107""","=""0.00004""","=""1""","=""2.08e+06""",B+,"=""2.102297177""","=""4.75941465""","=""2p6.3p""","=""2P*""","=""1/2""","=""2p6.6d""","=""2D""","=""3/2""",,"=""c30""","=""L15039""",
Na,1,"=""466.85595""","=""0.00005""","=""466.85567""","=""0.00004""","=""2*""","=""4.14e+05""",B+,"=""2.104429202""","=""4.75941465""","=""2p6.3p""","=""2P*""","=""3/2""","=""2p6.6d""","=""2D""","=""3/2""",,"=""c30""","=""L15039""",
Na,1,"=""466.85595""","=""0.00005""","=""466.85595""","=""0.00004""","=""2*""","=""2.49e+06""",A,"=""2.104429202""","=""4.75941304""","=""2p6.3p""","=""2P*""","=""3/2""","=""2p6.6d""","=""2D""","=""5/2""",,"=""c30""","=""L15039""",
Na,1,"=""474.79410""","=""0.00005""","=""474.79412""","=""0.00005""","=""1""","=""6.19e+05""",B,"=""2.102297177""","=""4.71289256""","=""2p6.3p""","=""2P*""","=""1/2""","=""2p6.7s""","=""2S""","=""1/2""",,"=""c30""","=""L15039""",
Na,1,"=""475.18218""","=""0.00005""","=""475.18219""","=""0.00005""","=""2""","=""1.23e+06""",B,"=""2.104429202""","=""4.71289256""","=""2p6.3p""","=""2P*""","=""3/2""","=""2p6.7s""","=""2S""","=""1/2""",,"=""c30""","=""L15039""",
Na,1,"=""497.85414""","=""0.00005""","=""497.85414""","=""0.00005""","=""1""","=""4.09e+06""",A,"=""2.102297177""","=""4.59197449""","=""2p6.3p""","=""2P*""","=""1/2""","=""2p6.5d""","=""2D""","=""3/2""",,"=""c30""","=""L15039""",
Na,1,"=""498.28134""","=""0.00005""","=""498.28134""","=""0.00005""","=""2""","=""4.88e+06""",A,"=""2.104429202""","=""4.59197201""","=""2p6.3p""","=""2P*""","=""3/2""","=""2p6.5d""","=""2D""","=""5/2""",,"=""c30""","=""L15039""",
Na,1,"=""507.12""","=""0.02""","=""507.120""","=""0.015""","=""270""","=""4.1e+07""",D,"=""33.0525""","=""35.4967""","=""2p5.(2P*).3s.3p.(3P*)""","=""4D""","=""7/2""","=""2p5.3s.(3P*).4s""","=""4P*""","=""5/2""",,"=""T5209""","=""L6269""",
Na,1,"=""514.88381""","=""0.00005""","=""514.88383""","=""0.00005""","=""1""","=""1.14e+06""",B+,"=""2.102297177""","=""4.50962989""","=""2p6.3p""","=""2P*""","=""1/2""","=""2p6.6s""","=""2S""","=""1/2""",,"=""c30""","=""L15039""",
Na,1,"=""515.34024""","=""0.00005""","=""515.34024""","=""0.00005""","=""2""","=""2.27e+06""",B+,"=""2.104429202""","=""4.50962989""","=""2p6.3p""","=""2P*""","=""3/2""","=""2p6.6s""","=""2S""","=""1/2""",,"=""c30""","=""L15039""",
Na,1,"=""516.25""","=""0.02""","=""516.212""","=""0.013""","=""83""","=""1.5e+07""",D,"=""33.0956""","=""35.4967""","=""2p5.(2P*).3s.3p.(3P*)""","=""4D""","=""5/2""","=""2p5.3s.(3P*).4s""","=""4P*""","=""5/2""",,"=""T5209""","=""L6269""",
Na,1,"=""525.64""","=""0.02""","=""525.669""","=""0.014""","=""7""","=""2.e+06""",D,"=""33.1388""","=""35.4967""","=""2p5.(2P*).3s.3p.(3P*)""","=""4D""","=""3/2""","=""2p5.3s.(3P*).4s""","=""4P*""","=""5/2""",,"=""T5209""","=""L6269""",
Na,1,"=""562.10""","=""0.02""","=""562.068""","=""0.016""","=""42""","=""1.4e+07""",D,"=""33.2915""","=""35.4967""","=""2p5.(2P*).3s.3p.(3P*)""","=""4P""","=""5/2""","=""2p5.3s.(3P*).4s""","=""4P*""","=""5/2""",,"=""T5209""","=""L6269""",
Na,1,"=""568.26333""","=""0.00005""","=""568.26333""","=""0.00006""","=""5""","=""1.01e+07""",A,"=""2.102297177""","=""4.28350081""","=""2p6.3p""","=""2P*""","=""1/2""","=""2p6.4d""","=""2D""","=""3/2""",,"=""c30""","=""L15039""",
Na,1,"=""568.81934""","=""0.00005""","=""568.81933""","=""0.00006""","=""1""","=""2.02e+06""",A,"=""2.104429202""","=""4.28350081""","=""2p6.3p""","=""2P*""","=""3/2""","=""2p6.4d""","=""2D""","=""3/2""",,"=""c30""","=""L15039""",
Na,1,"=""568.82046""","=""0.00005""","=""568.82047""","=""0.00006""","=""9""","=""1.21e+07""",A,"=""2.104429202""","=""4.28349647""","=""2p6.3p""","=""2P*""","=""3/2""","=""2p6.4d""","=""2D""","=""5/2""",,"=""c30""","=""L15039""",
Na,1,"=""574.42""","=""0.02""","=""574.454""","=""0.017""","=""12""","=""4.e+06""",D,"=""33.3390""","=""35.4967""","=""2p5.(2P*).3s.3p.(3P*)""","=""4P""","=""3/2""","=""2p5.3s.(3P*).4s""","=""4P*""","=""5/2""",,"=""T5209""","=""L6269""",
Na,1,"=""588.995095""","=""0.000003""","=""588.995094""","=""0.000003""","=""80000""","=""6.16e+07""",AA,"=""0.000000000""","=""2.104429202""","=""2p6.3s""","=""2S""","=""1/2""","=""2p6.3p""","=""2P*""","=""3/2""",,"=""T6617,T6568,T6567""","=""L5918""",
Na,1,"=""589.592424""","=""0.000003""","=""589.592424""","=""0.000003""","=""40000""","=""6.14e+07""",AA,"=""0.000000000""","=""2.102297177""","=""2p6.3s""","=""2S""","=""1/2""","=""2p6.3p""","=""2P*""","=""1/2""",,"=""T6617,T6567""","=""L5918""",
Na,1,"=""615.42253""","=""0.00005""","=""615.42255""","=""0.00008""","=""1""","=""2.50e+06""",A,"=""2.102297177""","=""4.11635883""","=""2p6.3p""","=""2P*""","=""1/2""","=""2p6.5s""","=""2S""","=""1/2""",,"=""c30""","=""L15039""",
Na,1,"=""616.07470""","=""0.00005""","=""616.07471""","=""0.00008""","=""2""","=""4.98e+06""",A,"=""2.104429202""","=""4.11635883""","=""2p6.3p""","=""2P*""","=""3/2""","=""2p6.5s""","=""2S""","=""1/2""",,"=""c30""","=""L15039""",
Na,1,"=""737.323""","=""0.002""","=""737.3231""","=""0.0011""","=""2""","=""5.42e+04""",B,"=""3.1913531""","=""4.8724352""","=""2p6.4s""","=""2S""","=""1/2""","=""2p6.8p""","=""2P*""","=""3/2""",,"=""c30""","=""L6096""",
Na,1,"=""737.349""","=""0.002""","=""737.3497""","=""0.0011""","=""1""","=""5.30e+04""",B,"=""3.1913531""","=""4.8723744""","=""2p6.4s""","=""2S""","=""1/2""","=""2p6.8p""","=""2P*""","=""1/2""",,"=""c30""","=""L6096""",
Na,1,"=""780.978""","=""0.002""","=""780.9783""","=""0.0012""","=""4""","=""9.91e+04""",B,"=""3.1913531""","=""4.7784663""","=""2p6.4s""","=""2S""","=""1/2""","=""2p6.7p""","=""2P*""","=""3/2""",,"=""c30""","=""L6096""",
Na,1,"=""781.024""","=""0.002""","=""781.0241""","=""0.0012""","=""3""","=""9.72e+04""",B,"=""3.1913531""","=""4.7783733""","=""2p6.4s""","=""2S""","=""1/2""","=""2p6.7p""","=""2P*""","=""1/2""",,"=""c30""","=""L6096""",
Na,1,"=""818.32556""","=""0.00005""","=""818.32556""","=""0.00013""","=""5""","=""4.29e+07""",A+,"=""2.102297177""","=""3.61697701""","=""2p6.3p""","=""2P*""","=""1/2""","=""2p6.3d""","=""2D""","=""3/2""",,"=""c30""","=""L15039""",
Na,1,"=""819.47905""","=""0.00005""","=""819.47904""","=""0.00013""","=""1""","=""8.57e+06""",A,"=""2.104429202""","=""3.61697701""","=""2p6.3p""","=""2P*""","=""3/2""","=""2p6.3d""","=""2D""","=""3/2""",,"=""c30""","=""L15039""",
Na,1,"=""819.48237""","=""0.00005""","=""819.48240""","=""0.00013""","=""9""","=""5.14e+07""",A+,"=""2.104429202""","=""3.61697081""","=""2p6.3p""","=""2P*""","=""3/2""","=""2p6.3d""","=""2D""","=""5/2""",,"=""c30""","=""L15039""",
Na,1,"=""864.992""","=""0.002""","=""864.9931""","=""0.0015""","=""7""","=""2.25e+05""",B+,"=""3.1913531""","=""4.6243143""","=""2p6.4s""","=""2S""","=""1/2""","=""2p6.6p""","=""2P*""","=""3/2""",,"=""c30""","=""L6096""",
Na,1,"=""865.089""","=""0.002""","=""865.0897""","=""0.0015""","=""6""","=""2.21e+05""",B+,"=""3.1913531""","=""4.6241543""","=""2p6.4s""","=""2S""","=""1/2""","=""2p6.6p""","=""2P*""","=""1/2""",,"=""c30""","=""L6096""",
Na,1,"=""894.296""","=""0.002""","=""894.29495""","=""0.00023""","=""2*""","=""3.71e+05""",C',"=""3.61697081""","=""[5.00298074]""","=""2p6.3d""","=""2D""","=""5/2""","=""2p6.10f""","=""2F*""","=""7/2""",,"=""T817""","=""L6096""",
Na,1,"=""894.296""","=""0.002""","=""894.29495""","=""0.00023""","=""2*""","=""2.47e+04""",C',"=""3.61697081""","=""[5.00298074]""","=""2p6.3d""","=""2D""","=""5/2""","=""2p6.10f""","=""2F*""","=""5/2""",,"=""T817""","=""L6096""",
Na,1,"=""915.388""","=""0.002""","=""915.3862""","=""0.0017""","=""4*""","=""5.3e+05""",C',"=""3.61697081""","=""4.9710460""","=""2p6.3d""","=""2D""","=""5/2""","=""2p6.9f""","=""2F*""","=""7/2""",,"=""T817""","=""L6096""",
Na,1,"=""915.388""","=""0.002""","=""915.3862""","=""0.0017""","=""4*""","=""3.5e+04""",C',"=""3.61697081""","=""4.9710460""","=""2p6.3d""","=""2D""","=""5/2""","=""2p6.9f""","=""2F*""","=""5/2""",,"=""T817""","=""L6096""",
Na,1,"=""946.594""","=""0.002""","=""946.5914""","=""0.0018""","=""6*""","=""9.57e+05""",B+,"=""3.61697081""","=""4.9264080""","=""2p6.3d""","=""2D""","=""5/2""","=""2p6.8f""","=""2F*""","=""7/2""",,"=""c30""","=""L6096""",
Na,1,"=""946.594""","=""0.002""","=""946.5914""","=""0.0018""","=""6*""","=""6.38e+04""",B+,"=""3.61697081""","=""4.9264080""","=""2p6.3d""","=""2D""","=""5/2""","=""2p6.8f""","=""2F*""","=""5/2""",,"=""c30""","=""L6096""",
Na,1,"=""996.128""","=""0.003""","=""996.1256""","=""0.0020""","=""7*""","=""1.27e+06""",A,"=""3.61697081""","=""4.8612940""","=""2p6.3d""","=""2D""","=""5/2""","=""2p6.7f""","=""2F*""","=""7/2""",,"=""c30""","=""L6096""",
Na,1,"=""996.128""","=""0.003""","=""996.1256""","=""0.0020""","=""7*""","=""8.45e+04""",B+,"=""3.61697081""","=""4.8612940""","=""2p6.3d""","=""2D""","=""5/2""","=""2p6.7f""","=""2F*""","=""5/2""",,"=""c30""","=""L6096""",
