obs_wl_air(nm),unc_obs_wl,ritz_wl_air(nm),unc_ritz_wl,intens,Aki(s^-1),Acc,Ei(eV),Ek(eV),conf_i,term_i,J_i,conf_k,term_k,J_k,Type,tp_ref,line_ref,
"=""""","=""""","=""243.376496""","=""0.000012""","=""""","=""3.87e+03""",C+',"=""0.000000000""","=""[5.09279242]""","=""2p6.3s""","=""2S""","=""1/2""","=""2p6.18p""","=""2P*""","=""3/2""",,"=""T76n,T817""","=""""",
"=""""","=""""","=""243.376703""","=""0.000012""","=""""","=""3.87e+03""",C+',"=""0.000000000""","=""[5.09278808]""","=""2p6.3s""","=""2S""","=""1/2""","=""2p6.18p""","=""2P*""","=""1/2""",,"=""T76n,T817""","=""""",
"=""""","=""""","=""243.659344""","=""0.000012""","=""""","=""4.64e+03""",C+',"=""0.000000000""","=""[5.08688097]""","=""2p6.3s""","=""2S""","=""1/2""","=""2p6.17p""","=""2P*""","=""3/2""",,"=""T76n,T817""","=""""",
"=""""","=""""","=""243.659599""","=""0.000012""","=""""","=""4.64e+03""",C+',"=""0.000000000""","=""[5.08687564]""","=""2p6.3s""","=""2S""","=""1/2""","=""2p6.17p""","=""2P*""","=""1/2""",,"=""T76n,T817""","=""""",
"=""""","=""""","=""244.000936""","=""0.000012""","=""""","=""5.6e+03""",C+',"=""0.000000000""","=""[5.07976007]""","=""2p6.3s""","=""2S""","=""1/2""","=""2p6.16p""","=""2P*""","=""3/2""",,"=""T76n,T817""","=""""",
"=""""","=""""","=""244.001245""","=""0.000012""","=""""","=""5.6e+03""",C+',"=""0.000000000""","=""[5.07975362]""","=""2p6.3s""","=""2S""","=""1/2""","=""2p6.16p""","=""2P*""","=""1/2""",,"=""T76n,T817""","=""""",
"=""""","=""""","=""244.418818""","=""0.000012""","=""""","=""6.8e+03""",C+',"=""0.000000000""","=""[5.07107584]""","=""2p6.3s""","=""2S""","=""1/2""","=""2p6.15p""","=""2P*""","=""3/2""",,"=""T76n,T817""","=""""",
"=""""","=""""","=""244.419195""","=""0.000012""","=""""","=""6.8e+03""",C+',"=""0.000000000""","=""[5.07106803]""","=""2p6.3s""","=""2S""","=""1/2""","=""2p6.15p""","=""2P*""","=""1/2""",,"=""T76n,T817""","=""""",
"=""""","=""""","=""244.937663""","=""0.000012""","=""""","=""8.6e+03""",C+',"=""0.000000000""","=""[5.06033472]""","=""2p6.3s""","=""2S""","=""1/2""","=""2p6.14p""","=""2P*""","=""3/2""",,"=""T76n,T817""","=""""",
"=""""","=""""","=""244.938137""","=""0.000012""","=""""","=""8.6e+03""",C+',"=""0.000000000""","=""[5.06032492]""","=""2p6.3s""","=""2S""","=""1/2""","=""2p6.14p""","=""2P*""","=""1/2""",,"=""T76n,T817""","=""""",
"=""""","=""""","=""245.593045""","=""0.000012""","=""""","=""1.12e+04""",C+',"=""0.000000000""","=""[5.04683185]""","=""2p6.3s""","=""2S""","=""1/2""","=""2p6.13p""","=""2P*""","=""3/2""",,"=""T76n,T817""","=""""",
"=""""","=""""","=""245.593648""","=""0.000012""","=""""","=""1.12e+04""",C+',"=""0.000000000""","=""[5.04681945]""","=""2p6.3s""","=""2S""","=""1/2""","=""2p6.13p""","=""2P*""","=""1/2""",,"=""T76n,T817""","=""""",
"=""""","=""""","=""246.437851""","=""0.000012""","=""""","=""1.44e+04""",C+',"=""0.000000000""","=""[5.02953221]""","=""2p6.3s""","=""2S""","=""1/2""","=""2p6.12p""","=""2P*""","=""3/2""",,"=""T76n,T817""","=""""",
"=""""","=""""","=""246.438640""","=""0.000012""","=""""","=""1.44e+04""",C+',"=""0.000000000""","=""[5.02951609]""","=""2p6.3s""","=""2S""","=""1/2""","=""2p6.12p""","=""2P*""","=""1/2""",,"=""T76n,T817""","=""""",
"=""""","=""""","=""247.553565""","=""0.000012""","=""""","=""1.94e+04""",C+',"=""0.000000000""","=""5.00686591""","=""2p6.3s""","=""2S""","=""1/2""","=""2p6.11p""","=""2P*""","=""3/2""",,"=""T76n,T817""","=""""",
"=""""","=""""","=""247.554619""","=""0.000012""","=""""","=""1.94e+04""",C+',"=""0.000000000""","=""5.00684459""","=""2p6.3s""","=""2S""","=""1/2""","=""2p6.11p""","=""2P*""","=""1/2""",,"=""T76n,T817""","=""""",
"=""""","=""""","=""249.071261""","=""0.000013""","=""""","=""1.89e+04""",D+,"=""0.000000000""","=""4.97635910""","=""2p6.3s""","=""2S""","=""1/2""","=""2p6.10p""","=""2P*""","=""3/2""",,"=""T76n""","=""""",
"=""""","=""""","=""249.072707""","=""0.000013""","=""""","=""1.89e+04""",D+,"=""0.000000000""","=""4.97633022""","=""2p6.3s""","=""2S""","=""1/2""","=""2p6.10p""","=""2P*""","=""1/2""",,"=""T76n""","=""""",
"=""""","=""""","=""251.213407""","=""0.000013""","=""""","=""3.20e+04""",D+,"=""0.000000000""","=""[4.93392762]""","=""2p6.3s""","=""2S""","=""1/2""","=""2p6.9p""","=""2P*""","=""3/2""",,"=""c30,T76n""","=""""",
"=""""","=""""","=""251.215497""","=""0.000013""","=""""","=""3.10e+04""",C,"=""0.000000000""","=""[4.93388658]""","=""2p6.3s""","=""2S""","=""1/2""","=""2p6.9p""","=""2P*""","=""1/2""",,"=""c30,T76n""","=""""",
"=""254.382""","=""0.0004""","=""254.38405""","=""0.00013""","=""""","=""4.46e+04""",C+,"=""0.000000000""","=""4.8724352""","=""2p6.3s""","=""2S""","=""1/2""","=""2p6.8p""","=""2P*""","=""3/2""",,"=""c30,T76n""","=""L15055,L6096""",
"=""254.388""","=""0.0004""","=""254.38722""","=""0.00013""","=""""","=""4.35e+04""",C+,"=""0.000000000""","=""4.8723744""","=""2p6.3s""","=""2S""","=""1/2""","=""2p6.8p""","=""2P*""","=""1/2""",,"=""c30,T76n""","=""L15055,L6096""",
"=""259.383""","=""0.0004""","=""259.38685""","=""0.00013""","=""""","=""8.13e+04""",B,"=""0.000000000""","=""4.7784663""","=""2p6.3s""","=""2S""","=""1/2""","=""2p6.7p""","=""2P*""","=""3/2""",,"=""c30,T76n""","=""L15055,L6096""",
"=""259.393""","=""0.0004""","=""259.39190""","=""0.00013""","=""""","=""7.96e+04""",C+,"=""0.000000000""","=""4.7783733""","=""2p6.3s""","=""2S""","=""1/2""","=""2p6.7p""","=""2P*""","=""1/2""",,"=""c30,T76n""","=""L15055,L6096""",
"=""268.0331""","=""0.0004""","=""268.03407""","=""0.00014""","=""""","=""1.84e+05""",B+,"=""0.000000000""","=""4.6243143""","=""2p6.3s""","=""2S""","=""1/2""","=""2p6.6p""","=""2P*""","=""3/2""",,"=""c30,T76n""","=""L3319,L6096""",
"=""268.0421""","=""0.0004""","=""268.04334""","=""0.00014""","=""""","=""1.81e+05""",B,"=""0.000000000""","=""4.6241543""","=""2p6.3s""","=""2S""","=""1/2""","=""2p6.6p""","=""2P*""","=""1/2""",,"=""c30,T76n""","=""L3319,L6096""",
"=""285.2811""","=""0.0004""","=""285.28110""","=""0.00016""","=""16""","=""5.38e+05""",B+,"=""0.000000000""","=""4.3447597""","=""2p6.3s""","=""2S""","=""1/2""","=""2p6.5p""","=""2P*""","=""3/2""",,"=""c30,T76n""","=""L6096""",
"=""285.3013""","=""0.0004""","=""285.30121""","=""0.00016""","=""15""","=""5.31e+05""",B+,"=""0.000000000""","=""4.3444534""","=""2p6.3s""","=""2S""","=""1/2""","=""2p6.5p""","=""2P*""","=""1/2""",,"=""c30,T76n""","=""L6096""",
"=""289.3618""","=""0.0004""","=""289.361130""","=""0.000017""","=""1""","=""""",,"=""0.000000000""","=""4.28350081""","=""2p6.3s""","=""2S""","=""1/2""","=""2p6.4d""","=""2D""","=""3/2""",E2,"=""""","=""L6096""",
"=""330.2369""","=""0.0005""","=""330.23686""","=""0.00022""","=""19""","=""2.75e+06""",A,"=""0.000000000""","=""3.7533216""","=""2p6.3s""","=""2S""","=""1/2""","=""2p6.4p""","=""2P*""","=""3/2""",,"=""c30,T76n""","=""L6096""",
"=""330.2979""","=""0.0005""","=""330.29785""","=""0.00022""","=""18""","=""2.73e+06""",B+,"=""0.000000000""","=""3.7526285""","=""2p6.3s""","=""2S""","=""1/2""","=""2p6.4p""","=""2P*""","=""1/2""",,"=""c30,T76n""","=""L6096""",
"=""341.62""","=""0.02""","=""341.607""","=""0.011""","=""""","=""1.5e+07""",D,"=""32.7002""","=""36.3286""","=""2p5.(2P*).3s.3p.(3P*)""","=""4S""","=""3/2""","=""2p5.3s.(3P*).3d""","=""4D*""","=""3/2""",,"=""T5209""","=""L6269""",
"=""342.6862""","=""0.0005""","=""342.685779""","=""0.000024""","=""6""","=""""",,"=""0.000000000""","=""3.61697701""","=""2p6.3s""","=""2S""","=""1/2""","=""2p6.3d""","=""2D""","=""3/2""",E2,"=""""","=""L6096""",
"=""342.73""","=""0.02""","=""342.736""","=""0.011""","=""9""","=""2.8e+07""",D,"=""32.7002""","=""36.3167""","=""2p5.(2P*).3s.3p.(3P*)""","=""4S""","=""3/2""","=""2p5.3s.(3P*).3d""","=""4F*""","=""5/2""",,"=""T5209""","=""L6269""",
"=""348.90""","=""0.02""","=""348.890""","=""0.009""","=""130""","=""4.2e+07""",D,"=""32.7002""","=""36.2529""","=""2p5.(2P*).3s.3p.(3P*)""","=""4S""","=""3/2""","=""2p5.3s.(3P*).3d""","=""4D*""","=""5/2""",,"=""T5209""","=""L6269""",
"=""350.25""","=""0.02""","=""350.237""","=""0.010""","=""160""","=""8.8e+07""",D,"=""32.7002""","=""36.2392""","=""2p5.(2P*).3s.3p.(3P*)""","=""4S""","=""3/2""","=""2p5.3s.(3P*).3d""","=""4P*""","=""3/2""",,"=""T5209""","=""L6269""",
"=""351.10""","=""0.02""","=""351.093""","=""0.010""","=""130""","=""1.15e+08""",D,"=""32.7002""","=""36.2306""","=""2p5.(2P*).3s.3p.(3P*)""","=""4S""","=""3/2""","=""2p5.3s.(3P*).3d""","=""4P*""","=""1/2""",,"=""T5209""","=""L6269""",
"=""383.36""","=""0.02""","=""383.380""","=""0.012""","=""""","=""""",,"=""33.0956""","=""36.3286""","=""2p5.(2P*).3s.3p.(3P*)""","=""4D""","=""5/2""","=""2p5.3s.(3P*).3d""","=""4D*""","=""3/2""",,"=""""","=""L10065""",
"=""384.80""","=""0.02""","=""384.802""","=""0.013""","=""5""","=""2.8e+07""",D,"=""33.0956""","=""36.3167""","=""2p5.(2P*).3s.3p.(3P*)""","=""4D""","=""5/2""","=""2p5.3s.(3P*).3d""","=""4F*""","=""5/2""",,"=""T5209""","=""L6269""",
"=""385.23""","=""0.05""","=""385.22""","=""0.05""","=""""","=""""",,"=""33.1752""","=""36.3928""","=""2p5.(2P*).3s.3p.(3P*)""","=""4D""","=""1/2""","=""2p5.3s.(3P*).3d""","=""4F*""","=""3/2""",,"=""""","=""L10065""",
"=""386.55""","=""0.02""","=""386.543""","=""0.013""","=""130""","=""5.8e+07""",D,"=""33.0525""","=""36.2591""","=""2p5.(2P*).3s.3p.(3P*)""","=""4D""","=""7/2""","=""2p5.3s.(3P*).3d""","=""4F*""","=""7/2""",,"=""T5209""","=""L6269""",
"=""387.29""","=""0.02""","=""387.296""","=""0.011""","=""19""","=""1.2e+07""",D,"=""33.0525""","=""36.2529""","=""2p5.(2P*).3s.3p.(3P*)""","=""4D""","=""7/2""","=""2p5.3s.(3P*).3d""","=""4D*""","=""5/2""",,"=""T5209""","=""L6269""",
"=""388.18""","=""0.02""","=""388.181""","=""0.020""","=""420""","=""1.63e+08""",D,"=""33.0525""","=""36.2456""","=""2p5.(2P*).3s.3p.(3P*)""","=""4D""","=""7/2""","=""2p5.3s.(3P*).3d""","=""4F*""","=""9/2""",,"=""T5209""","=""L6269""",
"=""""","=""""","=""388.39033""","=""0.00005""","=""""","=""6.95e-04""",C,"=""0.000000000""","=""3.1913531""","=""2p6.3s""","=""2S""","=""1/2""","=""2p6.4s""","=""2S""","=""1/2""",M1,"=""c27""","=""""",
"=""388.57""","=""0.02""","=""388.571""","=""0.011""","=""36""","=""6.2e+07""",D,"=""33.1388""","=""36.3286""","=""2p5.(2P*).3s.3p.(3P*)""","=""4D""","=""3/2""","=""2p5.3s.(3P*).3d""","=""4D*""","=""3/2""",,"=""T5209""","=""L6269""",
"=""390.04""","=""0.02""","=""390.033""","=""0.014""","=""15""","=""7.7e+07""",D,"=""33.1388""","=""36.3167""","=""2p5.(2P*).3s.3p.(3P*)""","=""4D""","=""3/2""","=""2p5.3s.(3P*).3d""","=""4F*""","=""5/2""",,"=""T5209""","=""L6269""",
"=""391.18""","=""0.02""","=""391.170""","=""0.018""","=""""","=""""",,"=""33.1752""","=""36.3439""","=""2p5.(2P*).3s.3p.(3P*)""","=""4D""","=""1/2""","=""2p5.3s.(3P*).3d""","=""4D*""","=""1/2""",,"=""""","=""L10065""",
"=""391.79""","=""0.02""","=""391.803""","=""0.012""","=""160""","=""6.6e+07""",D,"=""33.0956""","=""36.2591""","=""2p5.(2P*).3s.3p.(3P*)""","=""4D""","=""5/2""","=""2p5.3s.(3P*).3d""","=""4F*""","=""7/2""",,"=""T5209""","=""L6269""",
"=""392.56""","=""0.02""","=""392.577""","=""0.009""","=""85""","=""4.5e+07""",D,"=""33.0956""","=""36.2529""","=""2p5.(2P*).3s.3p.(3P*)""","=""4D""","=""5/2""","=""2p5.3s.(3P*).3d""","=""4D*""","=""5/2""",,"=""T5209""","=""L6269""",
"=""393.06""","=""0.02""","=""393.059""","=""0.014""","=""15""","=""2.5e+07""",D,"=""33.1752""","=""36.3286""","=""2p5.(2P*).3s.3p.(3P*)""","=""4D""","=""1/2""","=""2p5.3s.(3P*).3d""","=""4D*""","=""3/2""",,"=""T5209""","=""L6269""",
"=""394.26""","=""0.02""","=""394.283""","=""0.009""","=""32""","=""2.1e+07""",D,"=""33.0956""","=""36.2392""","=""2p5.(2P*).3s.3p.(3P*)""","=""4D""","=""5/2""","=""2p5.3s.(3P*).3d""","=""4P*""","=""3/2""",,"=""T5209""","=""L6269""",
"=""398.03""","=""0.02""","=""398.023""","=""0.010""","=""14""","=""5.e+06""",D,"=""33.1388""","=""36.2529""","=""2p5.(2P*).3s.3p.(3P*)""","=""4D""","=""3/2""","=""2p5.3s.(3P*).3d""","=""4D*""","=""5/2""",,"=""T5209""","=""L6269""",
"=""399.77""","=""0.02""","=""399.777""","=""0.011""","=""14""","=""8.e+06""",D,"=""33.1388""","=""36.2392""","=""2p5.(2P*).3s.3p.(3P*)""","=""4D""","=""3/2""","=""2p5.3s.(3P*).3d""","=""4P*""","=""3/2""",,"=""T5209""","=""L6269""",
"=""400.88""","=""0.02""","=""400.892""","=""0.011""","=""27""","=""1.5e+07""",D,"=""33.1388""","=""36.2306""","=""2p5.(2P*).3s.3p.(3P*)""","=""4D""","=""3/2""","=""2p5.3s.(3P*).3d""","=""4P*""","=""1/2""",,"=""T5209""","=""L6269""",
"=""405.66""","=""0.02""","=""405.670""","=""0.015""","=""""","=""""",,"=""33.1752""","=""36.2306""","=""2p5.(2P*).3s.3p.(3P*)""","=""4D""","=""1/2""","=""2p5.3s.(3P*).3d""","=""4P*""","=""1/2""",,"=""""","=""L10065""",
"=""412.790""","=""0.002""","=""412.79045""","=""0.00003""","=""""","=""""",,"=""2.102297177""","=""[5.10501280]""","=""2p6.3p""","=""2P*""","=""1/2""","=""2p6.20d""","=""2D""","=""3/2""",,"=""""","=""L9493""",
"=""413.082""","=""0.002""","=""413.08376""","=""0.00003""","=""""","=""8.62e+03""",B,"=""2.104429202""","=""[5.10501280]""","=""2p6.3p""","=""2P*""","=""3/2""","=""2p6.20d""","=""2D""","=""3/2""",,"=""T7799""","=""L9493""",
"=""413.082""","=""0.002""","=""413.08376""","=""0.00003""","=""""","=""5.17e+04""",B,"=""2.104429202""","=""[5.10501280]""","=""2p6.3p""","=""2P*""","=""3/2""","=""2p6.20d""","=""2D""","=""5/2""",,"=""T7799""","=""L9493""",
"=""413.291""","=""0.002""","=""413.29739""","=""0.00003""","=""""","=""""",,"=""2.102297177""","=""[5.10132984]""","=""2p6.3p""","=""2P*""","=""1/2""","=""2p6.19d""","=""2D""","=""3/2""",,"=""""","=""L9493""",
"=""413.481""","=""0.002""","=""413.48503""","=""0.00003""","=""""","=""""",,"=""2.102297177""","=""[5.09996887]""","=""2p6.3p""","=""2P*""","=""1/2""","=""2p6.20s""","=""2S""","=""1/2""",,"=""""","=""L9493""",
"=""413.584""","=""0.002""","=""413.59142""","=""0.00003""","=""""","=""1.01e+04""",B,"=""2.104429202""","=""[5.10132984]""","=""2p6.3p""","=""2P*""","=""3/2""","=""2p6.19d""","=""2D""","=""3/2""",,"=""T7799""","=""L9493""",
"=""413.584""","=""0.002""","=""413.59143""","=""0.00003""","=""""","=""6.06e+04""",B,"=""2.104429202""","=""[5.10132972]""","=""2p6.3p""","=""2P*""","=""3/2""","=""2p6.19d""","=""2D""","=""5/2""",,"=""T7799""","=""L9493""",
"=""413.774""","=""0.002""","=""413.77933""","=""0.00003""","=""""","=""3.40e+04""",B,"=""2.104429202""","=""[5.09996887]""","=""2p6.3p""","=""2P*""","=""3/2""","=""2p6.20s""","=""2S""","=""1/2""",,"=""T7799""","=""L9493""",
"=""413.890""","=""0.002""","=""413.89283""","=""0.00003""","=""""","=""""",,"=""2.102297177""","=""[5.09701544]""","=""2p6.3p""","=""2P*""","=""1/2""","=""2p6.18d""","=""2D""","=""3/2""",,"=""""","=""L9493""",
"=""414.108""","=""0.002""","=""414.11453""","=""0.00003""","=""""","=""""",,"=""2.102297177""","=""[5.09541220]""","=""2p6.3p""","=""2P*""","=""1/2""","=""2p6.19s""","=""2S""","=""1/2""",,"=""""","=""L9493""",
"=""414.184""","=""0.002""","=""414.18770""","=""0.00003""","=""""","=""1.12e+04""",B,"=""2.104429202""","=""[5.09701544]""","=""2p6.3p""","=""2P*""","=""3/2""","=""2p6.18d""","=""2D""","=""3/2""",,"=""T7799""","=""L9493""",
"=""414.184""","=""0.002""","=""414.18770""","=""0.00003""","=""""","=""6.72e+04""",B,"=""2.104429202""","=""[5.09701544]""","=""2p6.3p""","=""2P*""","=""3/2""","=""2p6.18d""","=""2D""","=""5/2""",,"=""T7799""","=""L9493""",
"=""414.403""","=""0.002""","=""414.40972""","=""0.00003""","=""""","=""4.01e+04""",B,"=""2.104429202""","=""[5.09541220]""","=""2p6.3p""","=""2P*""","=""3/2""","=""2p6.19s""","=""2S""","=""1/2""",,"=""T7799""","=""L9493""",
"=""414.598""","=""0.002""","=""414.59869""","=""0.00003""","=""""","=""""",,"=""2.102297177""","=""[5.09191696]""","=""2p6.3p""","=""2P*""","=""1/2""","=""2p6.17d""","=""2D""","=""3/2""",,"=""""","=""L9493""",
"=""414.62""","=""0.04""","=""414.599""","=""0.014""","=""""","=""""",,"=""33.3390""","=""36.3286""","=""2p5.(2P*).3s.3p.(3P*)""","=""4P""","=""3/2""","=""2p5.3s.(3P*).3d""","=""4D*""","=""3/2""",,"=""""","=""L10065""",
"=""414.861""","=""0.002""","=""414.86329""","=""0.00003""","=""""","=""""",,"=""2.102297177""","=""[5.09001021]""","=""2p6.3p""","=""2P*""","=""1/2""","=""2p6.18s""","=""2S""","=""1/2""",,"=""""","=""L9493""",
"=""414.893""","=""0.002""","=""414.89457""","=""0.00003""","=""""","=""1.42e+04""",B,"=""2.104429202""","=""[5.09191696]""","=""2p6.3p""","=""2P*""","=""3/2""","=""2p6.17d""","=""2D""","=""3/2""",,"=""T7799""","=""L9493""",
"=""414.893""","=""0.002""","=""414.89459""","=""0.00003""","=""""","=""8.52e+04""",B,"=""2.104429202""","=""[5.09191684]""","=""2p6.3p""","=""2P*""","=""3/2""","=""2p6.17d""","=""2D""","=""5/2""",,"=""T7799""","=""L9493""",
"=""415.175""","=""0.002""","=""415.15955""","=""0.00003""","=""""","=""4.78e+04""",B,"=""2.104429202""","=""[5.09001021]""","=""2p6.3p""","=""2P*""","=""3/2""","=""2p6.18s""","=""2S""","=""1/2""",,"=""T7799""","=""L9493""",
"=""415.444""","=""0.002""","=""415.44429""","=""0.00003""","=""""","=""""",,"=""2.102297177""","=""[5.08583194]""","=""2p6.3p""","=""2P*""","=""1/2""","=""2p6.16d""","=""2D""","=""3/2""",,"=""""","=""L9493""",
"=""415.70""","=""0.04""","=""415.74""","=""0.03""","=""""","=""""",,"=""33.3625""","=""36.3439""","=""2p5.(2P*).3s.3p.(3P*)""","=""4P""","=""1/2""","=""2p5.3s.(3P*).3d""","=""4D*""","=""1/2""",,"=""""","=""L10065""",
"=""415.740""","=""0.002""","=""415.74139""","=""0.00003""","=""""","=""1.71e+04""",B,"=""2.104429202""","=""[5.08583194]""","=""2p6.3p""","=""2P*""","=""3/2""","=""2p6.16d""","=""2D""","=""3/2""",,"=""T7799""","=""L9493""",
"=""415.740""","=""0.002""","=""415.74140""","=""0.00003""","=""""","=""1.03e+05""",B,"=""2.104429202""","=""[5.08583182]""","=""2p6.3p""","=""2P*""","=""3/2""","=""2p6.16d""","=""2D""","=""5/2""",,"=""T7799""","=""L9493""",
"=""415.760""","=""0.002""","=""415.76369""","=""0.00003""","=""""","=""""",,"=""2.102297177""","=""[5.08353997]""","=""2p6.3p""","=""2P*""","=""1/2""","=""2p6.17s""","=""2S""","=""1/2""",,"=""""","=""L9493""",
"=""416.057""","=""0.002""","=""416.06124""","=""0.00003""","=""""","=""5.76e+04""",B,"=""2.104429202""","=""[5.08353997]""","=""2p6.3p""","=""2P*""","=""3/2""","=""2p6.17s""","=""2S""","=""1/2""",,"=""T7799""","=""L9493""",
"=""416.470""","=""0.002""","=""416.46940""","=""0.00003""","=""""","=""""",,"=""2.102297177""","=""[5.07848836]""","=""2p6.3p""","=""2P*""","=""1/2""","=""2p6.15d""","=""2D""","=""3/2""",,"=""""","=""L9493""",
"=""416.767""","=""0.002""","=""416.76796""","=""0.00003""","=""""","=""2.09e+04""",B,"=""2.104429202""","=""[5.07848836]""","=""2p6.3p""","=""2P*""","=""3/2""","=""2p6.15d""","=""2D""","=""3/2""",,"=""T7799""","=""L9493""",
"=""416.767""","=""0.002""","=""416.76796""","=""0.00003""","=""""","=""1.25e+05""",B,"=""2.104429202""","=""[5.07848836]""","=""2p6.3p""","=""2P*""","=""3/2""","=""2p6.15d""","=""2D""","=""5/2""",,"=""T7799""","=""L9493""",
"=""416.858""","=""0.002""","=""416.85997""","=""0.00003""","=""""","=""""",,"=""2.102297177""","=""[5.07569996]""","=""2p6.3p""","=""2P*""","=""1/2""","=""2p6.16s""","=""2S""","=""1/2""",,"=""""","=""L9493""",
"=""417.156""","=""0.002""","=""417.15909""","=""0.00003""","=""""","=""7.03e+04""",B,"=""2.104429202""","=""[5.07569996]""","=""2p6.3p""","=""2P*""","=""3/2""","=""2p6.16s""","=""2S""","=""1/2""",,"=""T7799""","=""L9493""",
"=""417.67""","=""0.02""","=""417.667""","=""0.014""","=""82""","=""3.5e+07""",D,"=""33.2915""","=""36.2591""","=""2p5.(2P*).3s.3p.(3P*)""","=""4P""","=""5/2""","=""2p5.3s.(3P*).3d""","=""4F*""","=""7/2""",,"=""T5209""","=""L6269""",
"=""417.723""","=""0.002""","=""417.72905""","=""0.00003""","=""""","=""""",,"=""2.102297177""","=""[5.06951389]""","=""2p6.3p""","=""2P*""","=""1/2""","=""2p6.14d""","=""2D""","=""3/2""",,"=""""","=""L9493""",
"=""418.022""","=""0.002""","=""418.02943""","=""0.00003""","=""""","=""2.58e+04""",B,"=""2.104429202""","=""[5.06951389]""","=""2p6.3p""","=""2P*""","=""3/2""","=""2p6.14d""","=""2D""","=""3/2""",,"=""T7799""","=""L9493""",
"=""418.022""","=""0.002""","=""418.02944""","=""0.00003""","=""""","=""1.55e+05""",B,"=""2.104429202""","=""[5.06951376]""","=""2p6.3p""","=""2P*""","=""3/2""","=""2p6.14d""","=""2D""","=""5/2""",,"=""T7799""","=""L9493""",
"=""418.209""","=""0.002""","=""418.21380""","=""0.00004""","=""""","=""""",,"=""2.102297177""","=""[5.06607469]""","=""2p6.3p""","=""2P*""","=""1/2""","=""2p6.15s""","=""2S""","=""1/2""",,"=""""","=""L9493""",
"=""418.509""","=""0.002""","=""418.51487""","=""0.00004""","=""""","=""8.70e+04""",B,"=""2.104429202""","=""[5.06607469]""","=""2p6.3p""","=""2P*""","=""3/2""","=""2p6.15s""","=""2S""","=""1/2""",,"=""T7799""","=""L9493""",
"=""418.55""","=""0.02""","=""418.546""","=""0.011""","=""150""","=""4.9e+07""",D,"=""33.2915""","=""36.2529""","=""2p5.(2P*).3s.3p.(3P*)""","=""4P""","=""5/2""","=""2p5.3s.(3P*).3d""","=""4D*""","=""5/2""",,"=""T5209""","=""L6269""",
"=""419.297""","=""0.002""","=""419.30142""","=""0.00004""","=""""","=""""",,"=""2.102297177""","=""[5.05838717]""","=""2p6.3p""","=""2P*""","=""1/2""","=""2p6.13d""","=""2D""","=""3/2""",,"=""""","=""L9493""",
"=""419.598""","=""0.002""","=""419.60405""","=""0.00004""","=""""","=""3.27e+04""",B,"=""2.104429202""","=""[5.05838717]""","=""2p6.3p""","=""2P*""","=""3/2""","=""2p6.13d""","=""2D""","=""3/2""",,"=""T7799""","=""L9493""",
"=""419.598""","=""0.002""","=""419.60409""","=""0.00004""","=""""","=""1.96e+05""",B,"=""2.104429202""","=""[5.05838693]""","=""2p6.3p""","=""2P*""","=""3/2""","=""2p6.13d""","=""2D""","=""5/2""",,"=""T7799""","=""L9493""",
"=""419.914""","=""0.002""","=""419.91362""","=""0.00004""","=""""","=""""",,"=""2.102297177""","=""[5.05407748]""","=""2p6.3p""","=""2P*""","=""1/2""","=""2p6.14s""","=""2S""","=""1/2""",,"=""""","=""L9493""",
"=""420.216""","=""0.002""","=""420.21714""","=""0.00004""","=""""","=""1.09e+05""",B,"=""2.104429202""","=""[5.05407748]""","=""2p6.3p""","=""2P*""","=""3/2""","=""2p6.14s""","=""2S""","=""1/2""",,"=""T7799""","=""L9493""",
"=""420.49""","=""0.02""","=""420.486""","=""0.012""","=""46""","=""2.5e+07""",D,"=""33.2915""","=""36.2392""","=""2p5.(2P*).3s.3p.(3P*)""","=""4P""","=""5/2""","=""2p5.3s.(3P*).3d""","=""4P*""","=""3/2""",,"=""T5209""","=""L6269""",
"=""421.309""","=""0.002""","=""421.30057""","=""0.00004""","=""""","=""""",,"=""2.102297177""","=""[5.04436022]""","=""2p6.3p""","=""2P*""","=""1/2""","=""2p6.12d""","=""2D""","=""3/2""",,"=""""","=""L9493""",
"=""421.613""","=""0.002""","=""421.60610""","=""0.00004""","=""""","=""4.20e+04""",B,"=""2.104429202""","=""[5.04436022]""","=""2p6.3p""","=""2P*""","=""3/2""","=""2p6.12d""","=""2D""","=""3/2""",,"=""T7799""","=""L9493""",
"=""421.613""","=""0.002""","=""421.60610""","=""0.00004""","=""""","=""2.52e+05""",B,"=""2.104429202""","=""[5.04436022]""","=""2p6.3p""","=""2P*""","=""3/2""","=""2p6.12d""","=""2D""","=""5/2""",,"=""T7799""","=""L9493""",
"=""422.076""","=""0.002""","=""422.08966""","=""0.00004""","=""""","=""""",,"=""2.102297177""","=""[5.03886016]""","=""2p6.3p""","=""2P*""","=""1/2""","=""2p6.13s""","=""2S""","=""1/2""",,"=""""","=""L9493""",
"=""422.381""","=""0.002""","=""422.39634""","=""0.00004""","=""""","=""1.40e+05""",B,"=""2.104429202""","=""[5.03886016]""","=""2p6.3p""","=""2P*""","=""3/2""","=""2p6.13s""","=""2S""","=""1/2""",,"=""T7799""","=""L9493""",
"=""423.8987""","=""0.0008""","=""423.89828""","=""0.00004""","=""2""","=""""",,"=""2.102297177""","=""[5.02633118]""","=""2p6.3p""","=""2P*""","=""1/2""","=""2p6.11d""","=""2D""","=""3/2""",,"=""""","=""L6096""",
"=""424.2082""","=""0.0008""","=""424.20759""","=""0.00004""","=""3*""","=""5.54e+04""",B,"=""2.104429202""","=""[5.02633118]""","=""2p6.3p""","=""2P*""","=""3/2""","=""2p6.11d""","=""2D""","=""3/2""",,"=""T7799""","=""L6096""",
"=""424.2082""","=""0.0008""","=""424.20763""","=""0.00004""","=""3*""","=""3.32e+05""",B,"=""2.104429202""","=""[5.02633094]""","=""2p6.3p""","=""2P*""","=""3/2""","=""2p6.11d""","=""2D""","=""5/2""",,"=""T7799""","=""L6096""",
"=""424.9410""","=""0.0008""","=""424.94081""","=""0.00004""","=""1""","=""""",,"=""2.102297177""","=""5.01915758""","=""2p6.3p""","=""2P*""","=""1/2""","=""2p6.12s""","=""2S""","=""1/2""",,"=""""","=""L6096""",
"=""425.2520""","=""0.0008""","=""425.25165""","=""0.00004""","=""2""","=""1.84e+05""",B,"=""2.104429202""","=""5.01915758""","=""2p6.3p""","=""2P*""","=""3/2""","=""2p6.12s""","=""2S""","=""1/2""",,"=""T7799""","=""L6096""",
"=""425.38""","=""0.02""","=""425.376""","=""0.013""","=""17""","=""5.e+06""",D,"=""33.3390""","=""36.2529""","=""2p5.(2P*).3s.3p.(3P*)""","=""4P""","=""3/2""","=""2p5.3s.(3P*).3d""","=""4D*""","=""5/2""",,"=""T5209""","=""L6269""",
"=""427.3642""","=""0.0008""","=""427.36265""","=""0.00004""","=""4""","=""3.91e+05""",C,"=""2.102297177""","=""5.00262826""","=""2p6.3p""","=""2P*""","=""1/2""","=""2p6.10d""","=""2D""","=""3/2""",,"=""c58,LS""","=""L6096""",
"=""427.39""","=""0.02""","=""427.380""","=""0.013""","=""23""","=""1.6e+07""",D,"=""33.3390""","=""36.2392""","=""2p5.(2P*).3s.3p.(3P*)""","=""4P""","=""3/2""","=""2p5.3s.(3P*).3d""","=""4P*""","=""3/2""",,"=""T5209""","=""L6269""",
"=""427.6787""","=""0.0008""","=""427.67704""","=""0.00004""","=""5*""","=""7.8e+04""",C,"=""2.104429202""","=""5.00262826""","=""2p6.3p""","=""2P*""","=""3/2""","=""2p6.10d""","=""2D""","=""3/2""",,"=""c58,LS""","=""L6096""",
"=""427.6787""","=""0.0008""","=""427.67709""","=""0.00004""","=""5*""","=""4.69e+05""",C,"=""2.104429202""","=""5.00262788""","=""2p6.3p""","=""2P*""","=""3/2""","=""2p6.10d""","=""2D""","=""5/2""",,"=""c58,LS""","=""L6096""",
"=""428.67""","=""0.02""","=""428.655""","=""0.013""","=""46""","=""2.8e+07""",D,"=""33.3390""","=""36.2306""","=""2p5.(2P*).3s.3p.(3P*)""","=""4P""","=""3/2""","=""2p5.3s.(3P*).3d""","=""4P*""","=""1/2""",,"=""T5209""","=""L6269""",
"=""428.7838""","=""0.0008""","=""428.78363""","=""0.00004""","=""2""","=""""",,"=""2.102297177""","=""4.99301675""","=""2p6.3p""","=""2P*""","=""1/2""","=""2p6.11s""","=""2S""","=""1/2""",,"=""""","=""L6096""",
"=""429.1006""","=""0.0008""","=""429.10012""","=""0.00004""","=""3""","=""2.47e+05""",B,"=""2.104429202""","=""4.99301675""","=""2p6.3p""","=""2P*""","=""3/2""","=""2p6.11s""","=""2S""","=""1/2""",,"=""T7799""","=""L6096""",
"=""432.1400""","=""0.0008""","=""432.1401""","=""0.0004""","=""6""","=""""",,"=""2.102297177""","=""4.9705650""","=""2p6.3p""","=""2P*""","=""1/2""","=""2p6.9d""","=""2D""","=""3/2""",,"=""""","=""L6096""",
"=""432.4615""","=""0.0008""","=""432.4615""","=""0.0004""","=""7*""","=""1.14e+05""",B,"=""2.104429202""","=""4.9705650""","=""2p6.3p""","=""2P*""","=""3/2""","=""2p6.9d""","=""2D""","=""3/2""",,"=""T7799""","=""L6096""",
"=""432.4615""","=""0.0008""","=""432.4615""","=""0.0004""","=""7*""","=""6.84e+05""",B,"=""2.104429202""","=""4.9705650""","=""2p6.3p""","=""2P*""","=""3/2""","=""2p6.9d""","=""2D""","=""5/2""",,"=""T7799""","=""L6096""",
"=""432.63""","=""0.04""","=""432.700""","=""0.013""","=""""","=""""",,"=""32.7002""","=""35.5648""","=""2p5.(2P*).3s.3p.(3P*)""","=""4S""","=""3/2""","=""2p5.3s.(3P*).4s""","=""4P*""","=""3/2""",,"=""""","=""L10065""",
"=""434.1489""","=""0.0008""","=""434.1489""","=""0.0004""","=""4""","=""3.26e+05""",C+,"=""2.102297177""","=""4.9572937""","=""2p6.3p""","=""2P*""","=""1/2""","=""2p6.10s""","=""2S""","=""1/2""",,"=""c30""","=""L6096""",
"=""434.4736""","=""0.0008""","=""434.4733""","=""0.0004""","=""5""","=""6.50e+05""",C+,"=""2.104429202""","=""4.9572937""","=""2p6.3p""","=""2P*""","=""3/2""","=""2p6.10s""","=""2S""","=""1/2""",,"=""c30""","=""L6096""",
"=""439.0029""","=""0.0008""","=""439.0022""","=""0.0004""","=""8""","=""9.83e+05""",B+,"=""2.102297177""","=""4.9257310""","=""2p6.3p""","=""2P*""","=""1/2""","=""2p6.8d""","=""2D""","=""3/2""",,"=""c30""","=""L6096""",
"=""439.3340""","=""0.0008""","=""439.3340""","=""0.0004""","=""9*""","=""1.17e+06""",B+,"=""2.104429202""","=""4.9257310""","=""2p6.3p""","=""2P*""","=""3/2""","=""2p6.8d""","=""2D""","=""5/2""",,"=""c30""","=""L6096""",
"=""439.3340""","=""0.0008""","=""439.3340""","=""0.0004""","=""9*""","=""1.95e+05""",B,"=""2.104429202""","=""4.9257310""","=""2p6.3p""","=""2P*""","=""3/2""","=""2p6.8d""","=""2D""","=""3/2""",,"=""c30""","=""L6096""",
"=""441.9885""","=""0.0008""","=""441.9883""","=""0.0004""","=""6""","=""2.82e+05""",C+,"=""2.102297177""","=""4.9066561""","=""2p6.3p""","=""2P*""","=""1/2""","=""2p6.9s""","=""2S""","=""1/2""",,"=""c30""","=""L6096""",
"=""442.3246""","=""0.0008""","=""442.3246""","=""0.0004""","=""7""","=""5.61e+05""",C+,"=""2.104429202""","=""4.9066561""","=""2p6.3p""","=""2P*""","=""3/2""","=""2p6.9s""","=""2S""","=""1/2""",,"=""c30""","=""L6096""",
"=""443.23""","=""0.02""","=""443.234""","=""0.014""","=""310""","=""1.4e+07""",D,"=""32.7002""","=""35.4967""","=""2p5.(2P*).3s.3p.(3P*)""","=""4S""","=""3/2""","=""2p5.3s.(3P*).4s""","=""4P*""","=""5/2""",,"=""T5209""","=""L6269""",
"=""449.4177""","=""0.0009""","=""449.4180""","=""0.0004""","=""10""","=""1.23e+06""",B+,"=""2.102297177""","=""4.8602959""","=""2p6.3p""","=""2P*""","=""1/2""","=""2p6.7d""","=""2D""","=""3/2""",,"=""c30""","=""L6096""",
"=""449.7658""","=""0.0009""","=""449.7657""","=""0.0004""","=""11*""","=""1.46e+06""",B+,"=""2.104429202""","=""4.8602959""","=""2p6.3p""","=""2P*""","=""3/2""","=""2p6.7d""","=""2D""","=""5/2""",,"=""c30""","=""L6096""",
"=""449.7658""","=""0.0009""","=""449.7657""","=""0.0004""","=""11*""","=""2.44e+05""",B,"=""2.104429202""","=""4.8602959""","=""2p6.3p""","=""2P*""","=""3/2""","=""2p6.7d""","=""2D""","=""3/2""",,"=""c30""","=""L6096""",
"=""454.1633""","=""0.0009""","=""454.1633""","=""0.0004""","=""7""","=""3.76e+05""",B,"=""2.102297177""","=""4.8314795""","=""2p6.3p""","=""2P*""","=""1/2""","=""2p6.8s""","=""2S""","=""1/2""",,"=""c30""","=""L6096""",
"=""454.5186""","=""0.0009""","=""454.5184""","=""0.0004""","=""8""","=""7.50e+05""",B,"=""2.104429202""","=""4.8314795""","=""2p6.3p""","=""2P*""","=""3/2""","=""2p6.8s""","=""2S""","=""1/2""",,"=""c30""","=""L6096""",
"=""466.48107""","=""0.00005""","=""466.48107""","=""0.00004""","=""1""","=""2.08e+06""",B+,"=""2.102297177""","=""4.75941465""","=""2p6.3p""","=""2P*""","=""1/2""","=""2p6.6d""","=""2D""","=""3/2""",,"=""c30""","=""L15039""",
"=""466.85595""","=""0.00005""","=""466.85567""","=""0.00004""","=""2*""","=""4.14e+05""",B+,"=""2.104429202""","=""4.75941465""","=""2p6.3p""","=""2P*""","=""3/2""","=""2p6.6d""","=""2D""","=""3/2""",,"=""c30""","=""L15039""",
"=""466.85595""","=""0.00005""","=""466.85595""","=""0.00004""","=""2*""","=""2.49e+06""",A,"=""2.104429202""","=""4.75941304""","=""2p6.3p""","=""2P*""","=""3/2""","=""2p6.6d""","=""2D""","=""5/2""",,"=""c30""","=""L15039""",
"=""474.79410""","=""0.00005""","=""474.79412""","=""0.00005""","=""1""","=""6.19e+05""",B,"=""2.102297177""","=""4.71289256""","=""2p6.3p""","=""2P*""","=""1/2""","=""2p6.7s""","=""2S""","=""1/2""",,"=""c30""","=""L15039""",
"=""475.18218""","=""0.00005""","=""475.18219""","=""0.00005""","=""2""","=""1.23e+06""",B,"=""2.104429202""","=""4.71289256""","=""2p6.3p""","=""2P*""","=""3/2""","=""2p6.7s""","=""2S""","=""1/2""",,"=""c30""","=""L15039""",
"=""497.53""","=""0.03""","=""497.559""","=""0.020""","=""""","=""""",,"=""33.1388""","=""35.6299""","=""2p5.(2P*).3s.3p.(3P*)""","=""4D""","=""3/2""","=""2p5.3s.(3P*).4s""","=""4P*""","=""1/2""",,"=""""","=""L10065""",
"=""497.85414""","=""0.00005""","=""497.85414""","=""0.00005""","=""1""","=""4.09e+06""",A,"=""2.102297177""","=""4.59197449""","=""2p6.3p""","=""2P*""","=""1/2""","=""2p6.5d""","=""2D""","=""3/2""",,"=""c30""","=""L15039""",
"=""""","=""""","=""498.28084""","=""0.00005""","=""""","=""8.15e+05""",A,"=""2.104429202""","=""4.59197449""","=""2p6.3p""","=""2P*""","=""3/2""","=""2p6.5d""","=""2D""","=""3/2""",,"=""c30""","=""""",
"=""498.28134""","=""0.00005""","=""498.28134""","=""0.00005""","=""2""","=""4.88e+06""",A,"=""2.104429202""","=""4.59197201""","=""2p6.3p""","=""2P*""","=""3/2""","=""2p6.5d""","=""2D""","=""5/2""",,"=""c30""","=""L15039""",
"=""501.98""","=""0.02""","=""501.979""","=""0.015""","=""""","=""""",,"=""33.0956""","=""35.5648""","=""2p5.(2P*).3s.3p.(3P*)""","=""4D""","=""5/2""","=""2p5.3s.(3P*).4s""","=""4P*""","=""3/2""",,"=""""","=""L10065""",
"=""504.94""","=""0.02""","=""504.940""","=""0.018""","=""""","=""""",,"=""33.1752""","=""35.6299""","=""2p5.(2P*).3s.3p.(3P*)""","=""4D""","=""1/2""","=""2p5.3s.(3P*).4s""","=""4P*""","=""1/2""",,"=""""","=""L10065""",
"=""507.12""","=""0.02""","=""507.120""","=""0.015""","=""270""","=""4.1e+07""",D,"=""33.0525""","=""35.4967""","=""2p5.(2P*).3s.3p.(3P*)""","=""4D""","=""7/2""","=""2p5.3s.(3P*).4s""","=""4P*""","=""5/2""",,"=""T5209""","=""L6269""",
"=""510.96""","=""0.02""","=""510.917""","=""0.013""","=""""","=""""",,"=""33.1388""","=""35.5648""","=""2p5.(2P*).3s.3p.(3P*)""","=""4D""","=""3/2""","=""2p5.3s.(3P*).4s""","=""4P*""","=""3/2""",,"=""""","=""L10065""",
"=""514.88381""","=""0.00005""","=""514.88383""","=""0.00005""","=""1""","=""1.14e+06""",B+,"=""2.102297177""","=""4.50962989""","=""2p6.3p""","=""2P*""","=""1/2""","=""2p6.6s""","=""2S""","=""1/2""",,"=""c30""","=""L15039""",
"=""515.34024""","=""0.00005""","=""515.34024""","=""0.00005""","=""2""","=""2.27e+06""",B+,"=""2.104429202""","=""4.50962989""","=""2p6.3p""","=""2P*""","=""3/2""","=""2p6.6s""","=""2S""","=""1/2""",,"=""c30""","=""L15039""",
"=""516.25""","=""0.02""","=""516.212""","=""0.013""","=""83""","=""1.5e+07""",D,"=""33.0956""","=""35.4967""","=""2p5.(2P*).3s.3p.(3P*)""","=""4D""","=""5/2""","=""2p5.3s.(3P*).4s""","=""4P*""","=""5/2""",,"=""T5209""","=""L6269""",
"=""525.64""","=""0.02""","=""525.669""","=""0.014""","=""7""","=""2.e+06""",D,"=""33.1388""","=""35.4967""","=""2p5.(2P*).3s.3p.(3P*)""","=""4D""","=""3/2""","=""2p5.3s.(3P*).4s""","=""4P*""","=""5/2""",,"=""T5209""","=""L6269""",
"=""541.10""","=""0.04""","=""541.051""","=""0.023""","=""""","=""""",,"=""33.3390""","=""35.6299""","=""2p5.(2P*).3s.3p.(3P*)""","=""4P""","=""3/2""","=""2p5.3s.(3P*).4s""","=""4P*""","=""1/2""",,"=""""","=""L10065""",
"=""545.19""","=""0.02""","=""545.236""","=""0.015""","=""""","=""""",,"=""33.2915""","=""35.5648""","=""2p5.(2P*).3s.3p.(3P*)""","=""4P""","=""5/2""","=""2p5.3s.(3P*).4s""","=""4P*""","=""3/2""",,"=""""","=""L10065""",
"=""546.64""","=""0.05""","=""546.65""","=""0.03""","=""""","=""""",,"=""33.3625""","=""35.6299""","=""2p5.(2P*).3s.3p.(3P*)""","=""4P""","=""1/2""","=""2p5.3s.(3P*).4s""","=""4P*""","=""1/2""",,"=""""","=""L10065""",
"=""556.99""","=""0.09""","=""556.883""","=""0.019""","=""""","=""""",,"=""33.3390""","=""35.5648""","=""2p5.(2P*).3s.3p.(3P*)""","=""4P""","=""3/2""","=""2p5.3s.(3P*).4s""","=""4P*""","=""3/2""",,"=""""","=""L10065""",
"=""562.10""","=""0.02""","=""562.068""","=""0.016""","=""42""","=""1.4e+07""",D,"=""33.2915""","=""35.4967""","=""2p5.(2P*).3s.3p.(3P*)""","=""4P""","=""5/2""","=""2p5.3s.(3P*).4s""","=""4P*""","=""5/2""",,"=""T5209""","=""L6269""",
"=""562.85""","=""0.05""","=""562.81""","=""0.04""","=""""","=""""",,"=""33.3625""","=""35.5648""","=""2p5.(2P*).3s.3p.(3P*)""","=""4P""","=""1/2""","=""2p5.3s.(3P*).4s""","=""4P*""","=""3/2""",,"=""""","=""L10065""",
"=""568.26333""","=""0.00005""","=""568.26333""","=""0.00006""","=""5""","=""1.01e+07""",A,"=""2.102297177""","=""4.28350081""","=""2p6.3p""","=""2P*""","=""1/2""","=""2p6.4d""","=""2D""","=""3/2""",,"=""c30""","=""L15039""",
"=""568.81934""","=""0.00005""","=""568.81933""","=""0.00006""","=""1""","=""2.02e+06""",A,"=""2.104429202""","=""4.28350081""","=""2p6.3p""","=""2P*""","=""3/2""","=""2p6.4d""","=""2D""","=""3/2""",,"=""c30""","=""L15039""",
"=""568.82046""","=""0.00005""","=""568.82047""","=""0.00006""","=""9""","=""1.21e+07""",A,"=""2.104429202""","=""4.28349647""","=""2p6.3p""","=""2P*""","=""3/2""","=""2p6.4d""","=""2D""","=""5/2""",,"=""c30""","=""L15039""",
"=""574.42""","=""0.02""","=""574.454""","=""0.017""","=""12""","=""4.e+06""",D,"=""33.3390""","=""35.4967""","=""2p5.(2P*).3s.3p.(3P*)""","=""4P""","=""3/2""","=""2p5.3s.(3P*).4s""","=""4P*""","=""5/2""",,"=""T5209""","=""L6269""",
"=""588.995095""","=""0.000003""","=""588.995094""","=""0.000003""","=""80000""","=""6.16e+07""",AA,"=""0.000000000""","=""2.104429202""","=""2p6.3s""","=""2S""","=""1/2""","=""2p6.3p""","=""2P*""","=""3/2""",,"=""T6617,T6568,T6567""","=""L5918""",
"=""589.592424""","=""0.000003""","=""589.592424""","=""0.000003""","=""40000""","=""6.14e+07""",AA,"=""0.000000000""","=""2.102297177""","=""2p6.3s""","=""2S""","=""1/2""","=""2p6.3p""","=""2P*""","=""1/2""",,"=""T6617,T6567""","=""L5918""",
"=""615.42253""","=""0.00005""","=""615.42255""","=""0.00008""","=""1""","=""2.50e+06""",A,"=""2.102297177""","=""4.11635883""","=""2p6.3p""","=""2P*""","=""1/2""","=""2p6.5s""","=""2S""","=""1/2""",,"=""c30""","=""L15039""",
"=""616.07470""","=""0.00005""","=""616.07471""","=""0.00008""","=""2""","=""4.98e+06""",A,"=""2.104429202""","=""4.11635883""","=""2p6.3p""","=""2P*""","=""3/2""","=""2p6.5s""","=""2S""","=""1/2""",,"=""c30""","=""L15039""",
"=""""","=""""","=""663.19524""","=""0.00016""","=""""","=""6.3e+03""",C',"=""3.1913531""","=""[5.06033472]""","=""2p6.4s""","=""2S""","=""1/2""","=""2p6.14p""","=""2P*""","=""3/2""",,"=""T817""","=""""",
"=""""","=""""","=""663.19872""","=""0.00016""","=""""","=""6.3e+03""",C',"=""3.1913531""","=""[5.06032492]""","=""2p6.4s""","=""2S""","=""1/2""","=""2p6.14p""","=""2P*""","=""1/2""",,"=""T817""","=""""",
"=""""","=""""","=""668.02155""","=""0.00016""","=""""","=""8.5e+03""",C',"=""3.1913531""","=""[5.04683185]""","=""2p6.4s""","=""2S""","=""1/2""","=""2p6.13p""","=""2P*""","=""3/2""",,"=""T817""","=""""",
"=""""","=""""","=""668.02601""","=""0.00016""","=""""","=""8.5e+03""",C',"=""3.1913531""","=""[5.04681945]""","=""2p6.4s""","=""2S""","=""1/2""","=""2p6.13p""","=""2P*""","=""1/2""",,"=""T817""","=""""",
"=""""","=""""","=""674.30854""","=""0.00016""","=""""","=""1.11e+04""",C',"=""3.1913531""","=""[5.02953221]""","=""2p6.4s""","=""2S""","=""1/2""","=""2p6.12p""","=""2P*""","=""3/2""",,"=""T817""","=""""",
"=""""","=""""","=""674.31445""","=""0.00016""","=""""","=""1.11e+04""",C',"=""3.1913531""","=""[5.02951609]""","=""2p6.4s""","=""2S""","=""1/2""","=""2p6.12p""","=""2P*""","=""1/2""",,"=""T817""","=""""",
"=""""","=""""","=""682.72719""","=""0.00017""","=""""","=""1.53e+04""",C',"=""3.1913531""","=""5.00686591""","=""2p6.4s""","=""2S""","=""1/2""","=""2p6.11p""","=""2P*""","=""3/2""",,"=""T817""","=""""",
"=""""","=""""","=""682.73521""","=""0.00017""","=""""","=""1.53e+04""",C',"=""3.1913531""","=""5.00684459""","=""2p6.4s""","=""2S""","=""1/2""","=""2p6.11p""","=""2P*""","=""1/2""",,"=""T817""","=""""",
"=""""","=""""","=""694.39549""","=""0.00017""","=""""","=""2.23e+04""",C',"=""3.1913531""","=""4.97635910""","=""2p6.4s""","=""2S""","=""1/2""","=""2p6.10p""","=""2P*""","=""3/2""",,"=""T817""","=""""",
"=""""","=""""","=""694.40672""","=""0.00017""","=""""","=""2.23e+04""",C',"=""3.1913531""","=""4.97633022""","=""2p6.4s""","=""2S""","=""1/2""","=""2p6.10p""","=""2P*""","=""1/2""",,"=""T817""","=""""",
"=""""","=""""","=""711.30404""","=""0.00018""","=""""","=""4.43e+04""",C+,"=""3.1913531""","=""[4.93392762]""","=""2p6.4s""","=""2S""","=""1/2""","=""2p6.9p""","=""2P*""","=""3/2""",,"=""c30""","=""""",
"=""""","=""""","=""711.32080""","=""0.00018""","=""""","=""4.32e+04""",C+,"=""3.1913531""","=""[4.93388658]""","=""2p6.4s""","=""2S""","=""1/2""","=""2p6.9p""","=""2P*""","=""1/2""",,"=""c30""","=""""",
"=""737.323""","=""0.002""","=""737.3231""","=""0.0011""","=""2""","=""5.42e+04""",B,"=""3.1913531""","=""4.8724352""","=""2p6.4s""","=""2S""","=""1/2""","=""2p6.8p""","=""2P*""","=""3/2""",,"=""c30""","=""L6096""",
"=""737.349""","=""0.002""","=""737.3497""","=""0.0011""","=""1""","=""5.30e+04""",B,"=""3.1913531""","=""4.8723744""","=""2p6.4s""","=""2S""","=""1/2""","=""2p6.8p""","=""2P*""","=""1/2""",,"=""c30""","=""L6096""",
"=""""","=""""","=""750.7464""","=""0.0011""","=""""","=""8.93e+00""",A,"=""2.102297177""","=""3.7533216""","=""2p6.3p""","=""2P*""","=""1/2""","=""2p6.4p""","=""2P*""","=""3/2""",E2,"=""c27""","=""""",
"=""""","=""""","=""750.7464""","=""0.0011""","=""""","=""6.24e-06""",D+,"=""2.102297177""","=""3.7533216""","=""2p6.3p""","=""2P*""","=""1/2""","=""2p6.4p""","=""2P*""","=""3/2""",M1,"=""c27""","=""""",
"=""""","=""""","=""751.0617""","=""0.0011""","=""""","=""1.15e-06""",D,"=""2.102297177""","=""3.7526285""","=""2p6.3p""","=""2P*""","=""1/2""","=""2p6.4p""","=""2P*""","=""1/2""",M1,"=""c27""","=""""",
"=""""","=""""","=""751.7172""","=""0.0011""","=""""","=""8.88e+00""",A,"=""2.104429202""","=""3.7533216""","=""2p6.3p""","=""2P*""","=""3/2""","=""2p6.4p""","=""2P*""","=""3/2""",E2,"=""c27""","=""""",
"=""""","=""""","=""751.7172""","=""0.0011""","=""""","=""4.28e-05""",C,"=""2.104429202""","=""3.7533216""","=""2p6.3p""","=""2P*""","=""3/2""","=""2p6.4p""","=""2P*""","=""3/2""",M1,"=""c27""","=""""",
"=""""","=""""","=""752.0333""","=""0.0011""","=""""","=""1.78e+01""",A,"=""2.104429202""","=""3.7526285""","=""2p6.3p""","=""2P*""","=""3/2""","=""2p6.4p""","=""2P*""","=""1/2""",E2,"=""c27""","=""""",
"=""""","=""""","=""752.0333""","=""0.0011""","=""""","=""8.84e-06""",D+,"=""2.104429202""","=""3.7526285""","=""2p6.3p""","=""2P*""","=""3/2""","=""2p6.4p""","=""2P*""","=""1/2""",M1,"=""c27""","=""""",
"=""780.978""","=""0.002""","=""780.9783""","=""0.0012""","=""4""","=""9.91e+04""",B,"=""3.1913531""","=""4.7784663""","=""2p6.4s""","=""2S""","=""1/2""","=""2p6.7p""","=""2P*""","=""3/2""",,"=""c30""","=""L6096""",
"=""781.024""","=""0.002""","=""781.0241""","=""0.0012""","=""3""","=""9.72e+04""",B,"=""3.1913531""","=""4.7783733""","=""2p6.4s""","=""2S""","=""1/2""","=""2p6.7p""","=""2P*""","=""1/2""",,"=""c30""","=""L6096""",
"=""818.32556""","=""0.00005""","=""818.32556""","=""0.00013""","=""5""","=""4.29e+07""",A+,"=""2.102297177""","=""3.61697701""","=""2p6.3p""","=""2P*""","=""1/2""","=""2p6.3d""","=""2D""","=""3/2""",,"=""c30""","=""L15039""",
"=""819.47905""","=""0.00005""","=""819.47904""","=""0.00013""","=""1""","=""8.57e+06""",A,"=""2.104429202""","=""3.61697701""","=""2p6.3p""","=""2P*""","=""3/2""","=""2p6.3d""","=""2D""","=""3/2""",,"=""c30""","=""L15039""",
"=""819.48237""","=""0.00005""","=""819.48240""","=""0.00013""","=""9""","=""5.14e+07""",A+,"=""2.104429202""","=""3.61697081""","=""2p6.3p""","=""2P*""","=""3/2""","=""2p6.3d""","=""2D""","=""5/2""",,"=""c30""","=""L15039""",
"=""864.992""","=""0.002""","=""864.9931""","=""0.0015""","=""7""","=""2.25e+05""",B+,"=""3.1913531""","=""4.6243143""","=""2p6.4s""","=""2S""","=""1/2""","=""2p6.6p""","=""2P*""","=""3/2""",,"=""c30""","=""L6096""",
"=""865.089""","=""0.002""","=""865.0897""","=""0.0015""","=""6""","=""2.21e+05""",B+,"=""3.1913531""","=""4.6241543""","=""2p6.4s""","=""2S""","=""1/2""","=""2p6.6p""","=""2P*""","=""1/2""",,"=""c30""","=""L6096""",
"=""""","=""""","=""879.30809""","=""0.00022""","=""""","=""1.63e+04""",C',"=""3.61697081""","=""[5.02660370]""","=""2p6.3d""","=""2D""","=""5/2""","=""2p6.11f""","=""2F*""","=""5/2""",,"=""T817""","=""""",
"=""""","=""""","=""879.30809""","=""0.00022""","=""""","=""2.45e+05""",C',"=""3.61697081""","=""[5.02660370]""","=""2p6.3d""","=""2D""","=""5/2""","=""2p6.11f""","=""2F*""","=""7/2""",,"=""T817""","=""""",
"=""""","=""""","=""879.31196""","=""0.00022""","=""""","=""2.29e+05""",C',"=""3.61697701""","=""[5.02660370]""","=""2p6.3d""","=""2D""","=""3/2""","=""2p6.11f""","=""2F*""","=""5/2""",,"=""T817""","=""""",
"=""894.296""","=""0.002""","=""894.29495""","=""0.00023""","=""2*""","=""3.71e+05""",C',"=""3.61697081""","=""[5.00298074]""","=""2p6.3d""","=""2D""","=""5/2""","=""2p6.10f""","=""2F*""","=""7/2""",,"=""T817""","=""L6096""",
"=""894.296""","=""0.002""","=""894.29495""","=""0.00023""","=""2*""","=""2.47e+04""",C',"=""3.61697081""","=""[5.00298074]""","=""2p6.3d""","=""2D""","=""5/2""","=""2p6.10f""","=""2F*""","=""5/2""",,"=""T817""","=""L6096""",
"=""""","=""""","=""894.29895""","=""0.00023""","=""""","=""3.46e+05""",C',"=""3.61697701""","=""[5.00298074]""","=""2p6.3d""","=""2D""","=""3/2""","=""2p6.10f""","=""2F*""","=""5/2""",,"=""T817""","=""""",
"=""915.388""","=""0.002""","=""915.3862""","=""0.0017""","=""4*""","=""5.3e+05""",C',"=""3.61697081""","=""4.9710460""","=""2p6.3d""","=""2D""","=""5/2""","=""2p6.9f""","=""2F*""","=""7/2""",,"=""T817""","=""L6096""",
"=""915.388""","=""0.002""","=""915.3862""","=""0.0017""","=""4*""","=""3.5e+04""",C',"=""3.61697081""","=""4.9710460""","=""2p6.3d""","=""2D""","=""5/2""","=""2p6.9f""","=""2F*""","=""5/2""",,"=""T817""","=""L6096""",
"=""""","=""""","=""915.3904""","=""0.0017""","=""""","=""4.9e+05""",C',"=""3.61697701""","=""4.9710460""","=""2p6.3d""","=""2D""","=""3/2""","=""2p6.9f""","=""2F*""","=""5/2""",,"=""T817""","=""""",
"=""""","=""""","=""941.1865""","=""0.0003""","=""""","=""1.94e+02""",D+,"=""3.61697081""","=""[4.93392762]""","=""2p6.3d""","=""2D""","=""5/2""","=""2p6.9p""","=""2P*""","=""3/2""",,"=""c30""","=""""",
"=""""","=""""","=""941.1909""","=""0.0003""","=""""","=""2.15e+01""",D,"=""3.61697701""","=""[4.93392762]""","=""2p6.3d""","=""2D""","=""3/2""","=""2p6.9p""","=""2P*""","=""3/2""",,"=""c30""","=""""",
"=""""","=""""","=""941.2202""","=""0.0003""","=""""","=""2.48e+02""",D+,"=""3.61697701""","=""[4.93388658]""","=""2p6.3d""","=""2D""","=""3/2""","=""2p6.9p""","=""2P*""","=""1/2""",,"=""c30""","=""""",
"=""946.594""","=""0.002""","=""946.5914""","=""0.0018""","=""6*""","=""9.57e+05""",B+,"=""3.61697081""","=""4.9264080""","=""2p6.3d""","=""2D""","=""5/2""","=""2p6.8f""","=""2F*""","=""7/2""",,"=""c30""","=""L6096""",
"=""946.594""","=""0.002""","=""946.5914""","=""0.0018""","=""6*""","=""6.38e+04""",B+,"=""3.61697081""","=""4.9264080""","=""2p6.3d""","=""2D""","=""5/2""","=""2p6.8f""","=""2F*""","=""5/2""",,"=""c30""","=""L6096""",
"=""""","=""""","=""946.5959""","=""0.0018""","=""""","=""8.93e+05""",B+,"=""3.61697701""","=""4.9264080""","=""2p6.3d""","=""2D""","=""3/2""","=""2p6.8f""","=""2F*""","=""5/2""",,"=""c30""","=""""",
"=""""","=""""","=""949.2581""","=""0.0018""","=""""","=""8.3e+04""",C,"=""3.7526285""","=""[5.05838717]""","=""2p6.4p""","=""2P*""","=""1/2""","=""2p6.13d""","=""2D""","=""3/2""",,"=""c58,LS""","=""""",
"=""""","=""""","=""949.7622""","=""0.0018""","=""""","=""1.66e+04""",C,"=""3.7533216""","=""[5.05838717]""","=""2p6.4p""","=""2P*""","=""3/2""","=""2p6.13d""","=""2D""","=""3/2""",,"=""c58,LS""","=""""",
"=""""","=""""","=""949.7624""","=""0.0018""","=""""","=""1.00e+05""",C,"=""3.7533216""","=""[5.05838693]""","=""2p6.4p""","=""2P*""","=""3/2""","=""2p6.13d""","=""2D""","=""5/2""",,"=""c58,LS""","=""""",
"=""""","=""""","=""952.4015""","=""0.0018""","=""""","=""2.85e+04""",C,"=""3.7526285""","=""[5.05407748]""","=""2p6.4p""","=""2P*""","=""1/2""","=""2p6.14s""","=""2S""","=""1/2""",,"=""c58,LS""","=""""",
"=""""","=""""","=""952.9090""","=""0.0018""","=""""","=""5.7e+04""",C,"=""3.7533216""","=""[5.05407748]""","=""2p6.4p""","=""2P*""","=""3/2""","=""2p6.14s""","=""2S""","=""1/2""",,"=""c58,LS""","=""""",
"=""""","=""""","=""959.5661""","=""0.0019""","=""""","=""1.07e+05""",C,"=""3.7526285""","=""[5.04436022]""","=""2p6.4p""","=""2P*""","=""1/2""","=""2p6.12d""","=""2D""","=""3/2""",,"=""c58,LS""","=""""",
"=""""","=""""","=""960.0813""","=""0.0019""","=""""","=""1.28e+05""",C,"=""3.7533216""","=""[5.04436022]""","=""2p6.4p""","=""2P*""","=""3/2""","=""2p6.12d""","=""2D""","=""5/2""",,"=""c58,LS""","=""""",
"=""""","=""""","=""960.0813""","=""0.0019""","=""""","=""2.14e+04""",C,"=""3.7533216""","=""[5.04436022]""","=""2p6.4p""","=""2P*""","=""3/2""","=""2p6.12d""","=""2D""","=""3/2""",,"=""c58,LS""","=""""",
"=""""","=""""","=""963.6693""","=""0.0019""","=""""","=""3.33e+04""",C,"=""3.7526285""","=""[5.03886016]""","=""2p6.4p""","=""2P*""","=""1/2""","=""2p6.13s""","=""2S""","=""1/2""",,"=""c58,LS""","=""""",
"=""""","=""""","=""964.1889""","=""0.0019""","=""""","=""6.6e+04""",C,"=""3.7533216""","=""[5.03886016]""","=""2p6.4p""","=""2P*""","=""3/2""","=""2p6.13s""","=""2S""","=""1/2""",,"=""c58,LS""","=""""",
"=""""","=""""","=""973.1487""","=""0.0019""","=""""","=""1.41e+05""",C,"=""3.7526285""","=""[5.02633118]""","=""2p6.4p""","=""2P*""","=""1/2""","=""2p6.11d""","=""2D""","=""3/2""",,"=""c58,LS""","=""""",
"=""""","=""""","=""973.6785""","=""0.0019""","=""""","=""2.81e+04""",C,"=""3.7533216""","=""[5.02633118]""","=""2p6.4p""","=""2P*""","=""3/2""","=""2p6.11d""","=""2D""","=""3/2""",,"=""c58,LS""","=""""",
"=""""","=""""","=""973.6787""","=""0.0019""","=""""","=""1.69e+05""",C,"=""3.7533216""","=""[5.02633094]""","=""2p6.4p""","=""2P*""","=""3/2""","=""2p6.11d""","=""2D""","=""5/2""",,"=""c58,LS""","=""""",
"=""""","=""""","=""978.6606""","=""0.0019""","=""""","=""4.02e+04""",C,"=""3.7526285""","=""5.01915758""","=""2p6.4p""","=""2P*""","=""1/2""","=""2p6.12s""","=""2S""","=""1/2""",,"=""c58,LS""","=""""",
"=""""","=""""","=""979.1964""","=""0.0019""","=""""","=""8.0e+04""",C,"=""3.7533216""","=""5.01915758""","=""2p6.4p""","=""2P*""","=""3/2""","=""2p6.12s""","=""2S""","=""1/2""",,"=""c58,LS""","=""""",
"=""""","=""""","=""987.2858""","=""0.0020""","=""""","=""2.81e+02""",C,"=""3.61697081""","=""4.8724352""","=""2p6.3d""","=""2D""","=""5/2""","=""2p6.8p""","=""2P*""","=""3/2""",,"=""c30""","=""""",
"=""""","=""""","=""987.2907""","=""0.0020""","=""""","=""3.12e+01""",D+,"=""3.61697701""","=""4.8724352""","=""2p6.3d""","=""2D""","=""3/2""","=""2p6.8p""","=""2P*""","=""3/2""",,"=""c30""","=""""",
"=""""","=""""","=""987.3384""","=""0.0020""","=""""","=""3.54e+02""",C,"=""3.61697701""","=""4.8723744""","=""2p6.3d""","=""2D""","=""3/2""","=""2p6.8p""","=""2P*""","=""1/2""",,"=""c30""","=""""",
"=""""","=""""","=""991.6019""","=""0.0020""","=""""","=""1.92e+05""",C,"=""3.7526285""","=""5.00262826""","=""2p6.4p""","=""2P*""","=""1/2""","=""2p6.10d""","=""2D""","=""3/2""",,"=""c58,LS""","=""""",
"=""""","=""""","=""992.1520""","=""0.0020""","=""""","=""3.83e+04""",C,"=""3.7533216""","=""5.00262826""","=""2p6.4p""","=""2P*""","=""3/2""","=""2p6.10d""","=""2D""","=""3/2""",,"=""c58,LS""","=""""",
"=""""","=""""","=""992.1523""","=""0.0020""","=""""","=""2.30e+05""",C,"=""3.7533216""","=""5.00262788""","=""2p6.4p""","=""2P*""","=""3/2""","=""2p6.10d""","=""2D""","=""5/2""",,"=""c58,LS""","=""""",
"=""996.128""","=""0.003""","=""996.1256""","=""0.0020""","=""7*""","=""1.27e+06""",A,"=""3.61697081""","=""4.8612940""","=""2p6.3d""","=""2D""","=""5/2""","=""2p6.7f""","=""2F*""","=""7/2""",,"=""c30""","=""L6096""",
"=""996.128""","=""0.003""","=""996.1256""","=""0.0020""","=""7*""","=""8.45e+04""",B+,"=""3.61697081""","=""4.8612940""","=""2p6.3d""","=""2D""","=""5/2""","=""2p6.7f""","=""2F*""","=""5/2""",,"=""c30""","=""L6096""",
"=""""","=""""","=""996.1306""","=""0.0020""","=""""","=""1.18e+06""",B+,"=""3.61697701""","=""4.8612940""","=""2p6.3d""","=""2D""","=""3/2""","=""2p6.7f""","=""2F*""","=""5/2""",,"=""c30""","=""""",
"=""""","=""""","=""999.2856""","=""0.0020""","=""""","=""5.6e+04""",C,"=""3.7526285""","=""4.99301675""","=""2p6.4p""","=""2P*""","=""1/2""","=""2p6.11s""","=""2S""","=""1/2""",,"=""c58,LS""","=""""",
"=""""","=""""","=""999.8443""","=""0.0020""","=""""","=""1.11e+05""",C,"=""3.7533216""","=""4.99301675""","=""2p6.4p""","=""2P*""","=""3/2""","=""2p6.11s""","=""2S""","=""1/2""",,"=""c58,LS""","=""""",
